Name,Shot Distance,FG%
Precious Achiuwa,2P,0.546
Jaylen Adams,2P,0.167
Steven Adams,2P,0.62
Bam Adebayo,2P,0.573
LaMarcus Aldridge,2P,0.505
Ty-Shon Alexander,2P,0.333
Nickeil Alexander-Walker,2P,0.485
Grayson Allen,2P,0.471
Jarrett Allen,2P,0.631
Al-Farouq Aminu,2P,0.484
Kyle Anderson,2P,0.539
Giannis Antetokounmpo,2P,0.636
Kostas Antetokounmpo,2P,0.3
Thanasis Antetokounmpo,2P,0.556
Carmelo Anthony,2P,0.429
Cole Anthony,2P,0.424
OG Anunoby,2P,0.562
Ryan Arcidiacono,2P,0.48
Trevor Ariza,2P,0.5
D.J. Augustin,2P,0.413
Deni Avdija,2P,0.535
Deandre Ayton,2P,0.639
Udoka Azubuike,2P,0.444
Dwayne Bacon,2P,0.449
Marvin Bagley III,2P,0.55
LaMelo Ball,2P,0.489
Lonzo Ball,2P,0.482
Mo Bamba,2P,0.568
Desmond Bane,2P,0.513
Harrison Barnes,2P,0.567
RJ Barrett,2P,0.457
Will Barton,2P,0.459
Keita Bates-Diop,2P,0.5
Nicolas Batum,2P,0.579
Aron Baynes,2P,0.532
Kent Bazemore,2P,0.486
Darius Bazley,2P,0.47
Bradley Beal,2P,0.535
Malik Beasley,2P,0.487
Jordan Bell,2P,0.35
DeAndre' Bembry,2P,0.589
Dāvis Bertāns,2P,0.48
Patrick Beverley,2P,0.468
Saddiq Bey,2P,0.45
Tyler Bey,2P,0.333
Khem Birch,2P,0.537
Goga Bitadze,2P,0.548
Bismack Biyombo,2P,0.589
Nemanja Bjelica,2P,0.559
Eric Bledsoe,2P,0.496
Keljin Blevins,2P,0.25
Bogdan Bogdanović,2P,0.522
Bojan Bogdanović,2P,0.487
Bol Bol,2P,0.471
Marques Bolden,2P,0.333
Jordan Bone,2P,0.591
Isaac Bonga,2P,0.5
Devin Booker,2P,0.543
Chris Boucher,2P,0.609
Brian Bowen,2P,0.333
Avery Bradley,2P,0.443
Tony Bradley,2P,0.675
Jarrell Brantley,2P,0.542
Ignas Brazdeikis,2P,0.436
Mikal Bridges,2P,0.647
Miles Bridges,2P,0.593
Amida Brimah,2P,0.625
Oshae Brissett,2P,0.548
Malcolm Brogdon,2P,0.493
Armoni Brooks,2P,0.514
Dillon Brooks,2P,0.461
Bruce Brown,2P,0.599
Charlie Brown,2P,0.364
Jaylen Brown,2P,0.536
Moses Brown,2P,0.545
Sterling Brown,2P,0.492
Troy Brown Jr.,2P,0.541
Jalen Brunson,2P,0.578
Elijah Bryant,2P,0.625
Thomas Bryant,2P,0.714
Reggie Bullock,2P,0.521
Trey Burke,2P,0.492
Alec Burks,2P,0.425
Jimmy Butler,2P,0.538
Bruno Caboclo,2P,0.667
Devontae Cacok,2P,0.586
Kentavious Caldwell-Pope,2P,0.46
Facundo Campazzo,2P,0.444
Vlatko Čančar,2P,0.615
Devin Cannady,2P,0.417
Clint Capela,2P,0.594
Vernon Carey Jr.,2P,0.586
Jevon Carter,2P,0.528
Wendell Carter Jr.,2P,0.53
Michael Carter-Williams,2P,0.431
Alex Caruso,2P,0.464
Willie Cauley-Stein,2P,0.667
Chris Chiozza,2P,0.391
Marquese Chriss,2P,0.444
Gary Clark,2P,0.375
Brandon Clarke,2P,0.565
Jordan Clarkson,2P,0.523
Nicolas Claxton,2P,0.636
Amir Coffey,2P,0.468
John Collins,2P,0.615
Mike Conley,2P,0.479
Pat Connaughton,2P,0.583
Quinn Cook,2P,0.429
Tyler Cook,2P,0.673
DeMarcus Cousins,2P,0.488
Robert Covington,2P,0.451
Torrey Craig,2P,0.579
Jae Crowder,2P,0.455
Jarrett Culver,2P,0.487
Seth Curry,2P,0.485
Stephen Curry,2P,0.569
Nate Darling,2P,0.0
Anthony Davis,2P,0.536
Ed Davis,2P,0.432
Terence Davis,2P,0.513
Gabriel Deck,2P,0.577
Dewayne Dedmon,2P,0.75
Matthew Dellavedova,2P,0.323
DeMar DeRozan,2P,0.515
Mamadi Diakite,2P,0.469
Hamidou Diallo,2P,0.505
Gorgui Dieng,2P,0.591
Spencer Dinwiddie,2P,0.444
Donte DiVincenzo,2P,0.475
Luka Dončić,2P,0.567
Luguentz Dort,2P,0.432
Damyean Dotson,2P,0.545
Devon Dotson,2P,0.714
Sekou Doumbouya,2P,0.485
PJ Dozier,2P,0.49
Goran Dragić,2P,0.479
Andre Drummond,2P,0.5
Jared Dudley,2P,0.0
Kris Dunn,2P,0.1
Kevin Durant,2P,0.577
Anthony Edwards,2P,0.483
Carsen Edwards,2P,0.604
CJ Elleby,2P,0.563
Henry Ellenson,2P,0.6
Wayne Ellington,2P,0.524
Joel Embiid,2P,0.541
James Ennis,2P,0.504
Drew Eubanks,2P,0.562
Dante Exum,2P,0.533
Tacko Fall,2P,0.724
Derrick Favors,2P,0.643
Cristiano Felício,2P,0.636
Terrance Ferguson,2P,0.5
Bruno Fernando,2P,0.429
Yogi Ferrell,2P,0.379
Dorian Finney-Smith,2P,0.616
Malik Fitts,2P,0.0
Malachi Flynn,2P,0.424
Bryn Forbes,2P,0.511
Trent Forrest,2P,0.6
Evan Fournier,2P,0.504
De'Aaron Fox,2P,0.539
Robert Franks,2P,0.615
Tim Frazier,2P,0.25
Markelle Fultz,2P,0.42
Wenyen Gabriel,2P,0.393
Daniel Gafford,2P,0.684
Danilo Gallinari,2P,0.466
Langston Galloway,2P,0.484
Darius Garland,2P,0.479
Marc Gasol,2P,0.528
Rudy Gay,2P,0.451
Paul George,2P,0.51
Taj Gibson,2P,0.671
Harry Giles,2P,0.459
Shai Gilgeous-Alexander,2P,0.547
Anthony Gill,2P,0.639
Freddie Gillespie,2P,0.524
Rudy Gobert,2P,0.68
Brandon Goodwin,2P,0.433
Aaron Gordon,2P,0.533
Eric Gordon,2P,0.573
Devonte' Graham,2P,0.38
Jerami Grant,2P,0.473
Danny Green,2P,0.438
Draymond Green,2P,0.535
JaMychal Green,2P,0.534
Javonte Green,2P,0.597
Jeff Green,2P,0.564
Josh Green,2P,0.559
Blake Griffin,2P,0.505
Kyle Guy,2P,0.381
Rui Hachimura,2P,0.519
Ashton Hagans,2P,0.0
Tyrese Haliburton,2P,0.529
Donta Hall,2P,0.714
Josh Hall,2P,0.419
R.J. Hampton,2P,0.482
Tim Hardaway Jr.,2P,0.524
James Harden,2P,0.553
Maurice Harkless,2P,0.568
Jared Harper,2P,0.0
Montrezl Harrell,2P,0.632
Gary Harris,2P,0.441
Jalen Harris,2P,0.528
Joe Harris,2P,0.555
Tobias Harris,2P,0.546
Shaquille Harrison,2P,0.371
Josh Hart,2P,0.583
Isaiah Hartenstein,2P,0.558
Udonis Haslem,2P,1.0
Jaxson Hayes,2P,0.635
Killian Hayes,2P,0.395
Gordon Hayward,2P,0.499
Juan Hernangómez,2P,0.573
Willy Hernangómez,2P,0.581
Tyler Herro,2P,0.498
Buddy Hield,2P,0.446
George Hill,2P,0.547
Solomon Hill,2P,0.453
Nate Hinton,2P,0.478
Jaylen Hoard,2P,0.571
Aaron Holiday,2P,0.406
Jrue Holiday,2P,0.561
Justin Holiday,2P,0.494
Rondae Hollis-Jefferson,2P,0.529
Richaun Holmes,2P,0.645
Rodney Hood,2P,0.408
Al Horford,2P,0.51
Talen Horton-Tucker,2P,0.522
Danuel House,2P,0.483
Dwight Howard,2P,0.611
Markus Howard,2P,0.537
Kevin Huerter,2P,0.51
Elijah Hughes,2P,0.286
De'Andre Hunter,2P,0.582
Chandler Hutchison,2P,0.383
Serge Ibaka,2P,0.588
Andre Iguodala,2P,0.53
Ersan İlyasova,2P,0.231
Joe Ingles,2P,0.59
Brandon Ingram,2P,0.51
Kyrie Irving,2P,0.561
Wesley Iwundu,2P,0.475
Frank Jackson,2P,0.51
Jaren Jackson Jr.,2P,0.554
Josh Jackson,2P,0.487
Justin Jackson,2P,0.51
Reggie Jackson,2P,0.465
Justin James,2P,0.521
LeBron James,2P,0.591
Mike James,2P,0.377
DaQuan Jeffries,2P,0.566
Ty Jerome,2P,0.479
Isaiah Joe,2P,0.333
Alize Johnson,2P,0.629
Cameron Johnson,2P,0.581
James Johnson,2P,0.556
Keldon Johnson,2P,0.531
Stanley Johnson,2P,0.458
Tyler Johnson,2P,0.471
Nikola Jokić,2P,0.606
Damian Jones,2P,0.704
Derrick Jones Jr.,2P,0.619
Mason Jones,2P,0.491
Tre Jones,2P,0.466
Tyus Jones,2P,0.487
DeAndre Jordan,2P,0.766
Cory Joseph,2P,0.527
Mfiondu Kabengele,2P,0.513
Frank Kaminsky,2P,0.523
Enes Kanter,2P,0.607
Luke Kennard,2P,0.511
Louis King,2P,0.565
Maxi Kleber,2P,0.46
Nathan Knight,2P,0.463
Kevin Knox,2P,0.389
John Konchar,2P,0.585
Furkan Korkmaz,2P,0.445
Luke Kornet,2P,0.69
Rodions Kurucs,2P,0.455
Kyle Kuzma,2P,0.525
Anthony Lamb,2P,0.489
Jeremy Lamb,2P,0.459
Romeo Langford,2P,0.39
Zach LaVine,2P,0.571
Jake Layman,2P,0.642
T.J. Leaf,2P,0.5
Jalen Lecque,2P,0.125
Damion Lee,2P,0.638
Saben Lee,2P,0.487
Alex Len,2P,0.644
Kawhi Leonard,2P,0.557
Meyers Leonard,2P,0.0
Caris LeVert,2P,0.495
Kira Lewis Jr.,2P,0.415
Damian Lillard,2P,0.519
Nassir Little,2P,0.575
Kevon Looney,2P,0.578
Brook Lopez,2P,0.632
Robin Lopez,2P,0.649
Didi Louzada,2P,0.2
Kevin Love,2P,0.479
Kyle Lowry,2P,0.487
Timothé Luwawu-Cabarrot,2P,0.47
Trey Lyles,2P,0.58
Will Magnay,2P,0.0
Thon Maker,2P,0.625
Théo Maledon,2P,0.402
Karim Mané,2P,0.182
Terance Mann,2P,0.541
Nico Mannion,2P,0.315
Boban Marjanović,2P,0.535
Lauri Markkanen,2P,0.582
Naji Marshall,2P,0.421
Caleb Martin,2P,0.496
Cody Martin,2P,0.515
Jeremiah Martin,2P,0.286
Kelan Martin,2P,0.487
Kenyon Martin Jr.,2P,0.572
Frank Mason III,2P,0.368
Garrison Mathews,2P,0.538
Dakota Mathias,2P,0.5
Wesley Matthews,2P,0.418
Tyrese Maxey,2P,0.512
Skylar Mays,2P,0.517
Patrick McCaw,2P,1.0
CJ McCollum,2P,0.509
T.J. McConnell,2P,0.586
Jaden McDaniels,2P,0.544
Jalen McDaniels,2P,0.547
Doug McDermott,2P,0.641
Sean McDermott,2P,0.727
JaVale McGee,2P,0.539
Rodney McGruder,2P,0.565
Alfonzo McKinnie,2P,0.593
Jordan McLaughlin,2P,0.447
Ben McLemore,2P,0.447
Nicolò Melli,2P,0.411
De'Anthony Melton,2P,0.467
Sam Merrill,2P,0.44
Chimezie Metu,2P,0.549
Khris Middleton,2P,0.508
Darius Miller,2P,0.833
Patty Mills,2P,0.5
Paul Millsap,2P,0.55
Shake Milton,2P,0.494
Donovan Mitchell,2P,0.476
Adam Mokoka,2P,0.667
Malik Monk,2P,0.471
E'Twaun Moore,2P,0.512
Ja Morant,2P,0.499
Juwan Morgan,2P,0.588
Marcus Morris,2P,0.472
Markieff Morris,2P,0.521
Monte Morris,2P,0.534
Mychal Mulder,2P,0.667
Dejounte Murray,2P,0.488
Jamal Murray,2P,0.523
Mike Muscala,2P,0.614
Sviatoslav Mykhailiuk,2P,0.536
Abdel Nader,2P,0.534
Larry Nance Jr.,2P,0.551
Aaron Nesmith,2P,0.543
Raul Neto,2P,0.512
Georges Niang,2P,0.469
Zeke Nnaji,2P,0.578
Nerlens Noel,2P,0.623
Jaylen Nowell,2P,0.497
Frank Ntilikina,2P,0.194
Kendrick Nunn,2P,0.583
James Nunnally,2P,1.0
Jusuf Nurkić,2P,0.525
David Nwaba,2P,0.574
Jordan Nwora,2P,0.466
Royce O'Neale,2P,0.586
Semi Ojeleye,2P,0.492
Jahlil Okafor,2P,0.656
Chuma Okeke,2P,0.47
Josh Okogie,2P,0.5
Onyeka Okongwu,2P,0.658
Isaac Okoro,2P,0.501
KZ Okpala,2P,0.522
Victor Oladipo,2P,0.466
Cameron Oliver,2P,0.75
Kelly Olynyk,2P,0.641
Miye Oni,2P,0.455
Cedi Osman,2P,0.458
Daniel Oturu,2P,0.447
Kelly Oubre Jr.,2P,0.519
Jabari Parker,2P,0.636
Eric Paschall,2P,0.533
Anžejs Pasečņiks,2P,0.0
Patrick Patterson,2P,0.604
Justin Patton,2P,0.556
Chris Paul,2P,0.543
Cameron Payne,2P,0.515
Elfrid Payton,2P,0.46
Gary Payton II,2P,0.889
Norvel Pelle,2P,0.533
Reggie Perry,2P,0.491
Theo Pinson,2P,1.0
Mason Plumlee,2P,0.626
Jakob Poeltl,2P,0.616
Vincent Poirier,2P,0.273
Aleksej Pokusevski,2P,0.403
Jordan Poole,2P,0.545
Jontay Porter,2P,0.714
Kevin Porter Jr.,2P,0.515
Michael Porter Jr.,2P,0.628
Otto Porter,2P,0.48
Bobby Portis,2P,0.542
Kristaps Porziņģis,2P,0.536
Dwight Powell,2P,0.665
Norman Powell,2P,0.532
Taurean Prince,2P,0.401
Payton Pritchard,2P,0.482
Immanuel Quickley,2P,0.401
Jahmi'us Ramsey,2P,0.526
Chasson Randle,2P,0.449
Julius Randle,2P,0.474
Cam Reddish,2P,0.46
J.J. Redick,2P,0.449
Paul Reed,2P,0.583
Naz Reid,2P,0.597
Cameron Reynolds,2P,0.5
Nick Richards,2P,0.5
Josh Richardson,2P,0.501
Grant Riller,2P,0.75
Austin Rivers,2P,0.51
Andre Roberson,2P,0.167
Duncan Robinson,2P,0.625
Glenn Robinson III,2P,0.473
Jerome Robinson,2P,0.321
Justin Robinson,2P,0.429
Mitchell Robinson,2P,0.653
Isaiah Roby,2P,0.547
Rajon Rondo,2P,0.468
Derrick Rose,2P,0.492
Terrence Ross,2P,0.469
Terry Rozier,2P,0.512
Ricky Rubio,2P,0.447
D'Angelo Russell,2P,0.471
Domantas Sabonis,2P,0.582
Luka Šamanić,2P,0.565
JaKarr Sampson,2P,0.541
Dario Šarić,2P,0.512
Tomáš Satoranský,2P,0.602
Dennis Schröder,2P,0.476
Mike Scott,2P,0.411
Jay Scrubb,2P,0.444
Collin Sexton,2P,0.508
Landry Shamet,2P,0.463
Iman Shumpert,2P,1.0
Pascal Siakam,2P,0.509
Chris Silva,2P,0.6
Ben Simmons,2P,0.562
Anfernee Simons,2P,0.403
Deividas Sirvydis,2P,0.333
Alen Smailagić,2P,0.412
Marcus Smart,2P,0.482
Dennis Smith Jr.,2P,0.448
Ish Smith,2P,0.448
Jalen Smith,2P,0.545
Tony Snell,2P,0.419
Ray Spalding,2P,0.667
Cassius Stanley,2P,0.333
Lamar Stevens,2P,0.523
Isaiah Stewart,2P,0.592
Max Strus,2P,0.897
Edmond Sumner,2P,0.582
Jae'Sean Tate,2P,0.595
Jayson Tatum,2P,0.502
Jeff Teague,2P,0.431
Garrett Temple,2P,0.503
Tyrell Terry,2P,0.556
Daniel Theis,2P,0.646
Brodric Thomas,2P,0.469
Isaiah Thomas,2P,0.4
Khyri Thomas,2P,0.59
Matt Thomas,2P,0.489
Tristan Thompson,2P,0.523
Sindarius Thornwell,2P,0.348
Matisse Thybulle,2P,0.59
Killian Tillie,2P,0.375
Xavier Tillman Sr.,2P,0.62
Anthony Tolliver,2P,0.0
Obi Toppin,2P,0.629
Juan Toscano-Anderson,2P,0.718
Axel Toupane,2P,0.333
Karl-Anthony Towns,2P,0.541
Gary Trent Jr.,2P,0.435
P.J. Tucker,2P,0.448
Rayjon Tucker,2P,0.636
Myles Turner,2P,0.606
Jonas Valančiūnas,2P,0.611
Denzel Valentine,2P,0.431
Jarred Vanderbilt,2P,0.615
Fred VanVleet,2P,0.416
Anderson Varejão,2P,0.267
Devin Vassell,2P,0.464
Gabe Vincent,2P,0.5
Noah Vonleh,2P,0.0
Nikola Vučević,2P,0.513
Dean Wade,2P,0.571
Moritz Wagner,2P,0.529
Kemba Walker,2P,0.486
Lonnie Walker,2P,0.477
John Wall,2P,0.449
Brad Wanamaker,2P,0.463
T.J. Warren,2P,0.614
P.J. Washington,2P,0.48
Yuta Watanabe,2P,0.478
Tremont Waters,2P,0.413
Paul Watson,2P,0.444
Quinndary Weatherspoon,2P,0.517
Russell Westbrook,2P,0.475
Coby White,2P,0.473
Derrick White,2P,0.486
Hassan Whiteside,2P,0.565
Greg Whittington,2P,0.0
Andrew Wiggins,2P,0.529
Grant Williams,2P,0.508
Kenrich Williams,2P,0.568
Lou Williams,2P,0.414
Patrick Williams,2P,0.515
Robert Williams,2P,0.727
Zion Williamson,2P,0.622
D.J. Wilson,2P,0.469
Dylan Windler,2P,0.585
Justise Winslow,2P,0.41
Cassius Winston,2P,0.375
James Wiseman,2P,0.542
Christian Wood,2P,0.581
Robert Woodard,2P,0.5
Delon Wright,2P,0.509
Thaddeus Young,2P,0.58
Trae Young,2P,0.491
Cody Zeller,2P,0.598
Ivica Zubac,2P,0.656
Precious Achiuwa,0-3,0.645
Jaylen Adams,0-3,0.0
Steven Adams,0-3,0.693
Bam Adebayo,0-3,0.794
LaMarcus Aldridge,0-3,0.622
Ty-Shon Alexander,0-3,1.0
Nickeil Alexander-Walker,0-3,0.481
Grayson Allen,0-3,0.667
Jarrett Allen,0-3,0.761
Al-Farouq Aminu,0-3,0.519
Kyle Anderson,0-3,0.654
Giannis Antetokounmpo,0-3,0.837
Kostas Antetokounmpo,0-3,0.75
Thanasis Antetokounmpo,0-3,0.671
Carmelo Anthony,0-3,0.5
Cole Anthony,0-3,0.588
OG Anunoby,0-3,0.759
Ryan Arcidiacono,0-3,0.556
Trevor Ariza,0-3,0.609
D.J. Augustin,0-3,0.54
Deni Avdija,0-3,0.733
Deandre Ayton,0-3,0.766
Udoka Azubuike,0-3,0.571
Dwayne Bacon,0-3,0.579
Marvin Bagley III,0-3,0.727
LaMelo Ball,0-3,0.576
Lonzo Ball,0-3,0.626
Mo Bamba,0-3,0.728
Desmond Bane,0-3,0.614
Harrison Barnes,0-3,0.721
RJ Barrett,0-3,0.605
Will Barton,0-3,0.63
Keita Bates-Diop,0-3,0.808
Nicolas Batum,0-3,0.699
Aron Baynes,0-3,0.59
Kent Bazemore,0-3,0.643
Darius Bazley,0-3,0.621
Bradley Beal,0-3,0.66
Malik Beasley,0-3,0.6
Jordan Bell,0-3,0.5
DeAndre' Bembry,0-3,0.767
Dāvis Bertāns,0-3,0.706
Patrick Beverley,0-3,0.5
Saddiq Bey,0-3,0.596
Tyler Bey,0-3,0.5
Khem Birch,0-3,0.692
Goga Bitadze,0-3,0.697
Bismack Biyombo,0-3,0.692
Nemanja Bjelica,0-3,0.689
Eric Bledsoe,0-3,0.681
Keljin Blevins,0-3,0.5
Bogdan Bogdanović,0-3,0.629
Bojan Bogdanović,0-3,0.635
Bol Bol,0-3,0.9
Marques Bolden,0-3,1.0
Jordan Bone,0-3,1.0
Isaac Bonga,0-3,0.692
Devin Booker,0-3,0.678
Chris Boucher,0-3,0.692
Brian Bowen,0-3,0.0
Avery Bradley,0-3,0.741
Tony Bradley,0-3,0.741
Jarrell Brantley,0-3,0.818
Ignas Brazdeikis,0-3,0.542
Mikal Bridges,0-3,0.801
Miles Bridges,0-3,0.729
Amida Brimah,0-3,0.8
Oshae Brissett,0-3,0.735
Malcolm Brogdon,0-3,0.554
Armoni Brooks,0-3,0.579
Dillon Brooks,0-3,0.606
Bruce Brown,0-3,0.7
Charlie Brown,0-3,0.6
Jaylen Brown,0-3,0.7
Moses Brown,0-3,0.628
Sterling Brown,0-3,0.623
Troy Brown Jr.,0-3,0.8
Jalen Brunson,0-3,0.799
Elijah Bryant,0-3,0.6
Thomas Bryant,0-3,0.912
Reggie Bullock,0-3,0.633
Trey Burke,0-3,0.518
Alec Burks,0-3,0.507
Jimmy Butler,0-3,0.722
Bruno Caboclo,0-3,1.0
Devontae Cacok,0-3,0.706
Kentavious Caldwell-Pope,0-3,0.602
Facundo Campazzo,0-3,0.636
Vlatko Čančar,0-3,0.696
Devin Cannady,0-3,0.0
Clint Capela,0-3,0.684
Vernon Carey Jr.,0-3,0.692
Jevon Carter,0-3,0.588
Wendell Carter Jr.,0-3,0.689
Michael Carter-Williams,0-3,0.622
Alex Caruso,0-3,0.653
Willie Cauley-Stein,0-3,0.694
Chris Chiozza,0-3,0.529
Marquese Chriss,0-3,0.571
Gary Clark,0-3,0.875
Brandon Clarke,0-3,0.725
Jordan Clarkson,0-3,0.67
Nicolas Claxton,0-3,0.762
Amir Coffey,0-3,0.682
John Collins,0-3,0.752
Mike Conley,0-3,0.557
Pat Connaughton,0-3,0.709
Quinn Cook,0-3,0.375
Tyler Cook,0-3,0.758
DeMarcus Cousins,0-3,0.547
Robert Covington,0-3,0.587
Torrey Craig,0-3,0.783
Jae Crowder,0-3,0.649
Jarrett Culver,0-3,0.603
Seth Curry,0-3,0.63
Stephen Curry,0-3,0.663
Nate Darling,0-3,0.0
Anthony Davis,0-3,0.785
Ed Davis,0-3,0.469
Terence Davis,0-3,0.636
Gabriel Deck,0-3,0.632
Dewayne Dedmon,0-3,0.85
Matthew Dellavedova,0-3,0.222
DeMar DeRozan,0-3,0.636
Mamadi Diakite,0-3,0.667
Hamidou Diallo,0-3,0.682
Gorgui Dieng,0-3,0.78
Spencer Dinwiddie,0-3,0.6
Donte DiVincenzo,0-3,0.574
Luka Dončić,0-3,0.708
Luguentz Dort,0-3,0.564
Damyean Dotson,0-3,0.667
Devon Dotson,0-3,0.889
Sekou Doumbouya,0-3,0.642
PJ Dozier,0-3,0.682
Goran Dragić,0-3,0.588
Andre Drummond,0-3,0.576
Jared Dudley,0-3,0.0
Kris Dunn,0-3,0.5
Kevin Durant,0-3,0.833
Anthony Edwards,0-3,0.647
Carsen Edwards,0-3,0.792
CJ Elleby,0-3,0.75
Henry Ellenson,0-3,0.6
Wayne Ellington,0-3,0.6
Joel Embiid,0-3,0.736
James Ennis,0-3,0.639
Drew Eubanks,0-3,0.667
Dante Exum,0-3,0.857
Tacko Fall,0-3,0.722
Derrick Favors,0-3,0.729
Cristiano Felício,0-3,0.778
Terrance Ferguson,0-3,1.0
Bruno Fernando,0-3,0.586
Yogi Ferrell,0-3,0.5
Dorian Finney-Smith,0-3,0.752
Malik Fitts,0-3,0.0
Malachi Flynn,0-3,0.605
Bryn Forbes,0-3,0.542
Trent Forrest,0-3,0.533
Evan Fournier,0-3,0.595
De'Aaron Fox,0-3,0.761
Robert Franks,0-3,1.0
Tim Frazier,0-3,1.0
Markelle Fultz,0-3,0.706
Wenyen Gabriel,0-3,0.429
Daniel Gafford,0-3,0.791
Danilo Gallinari,0-3,0.65
Langston Galloway,0-3,0.5
Darius Garland,0-3,0.586
Marc Gasol,0-3,0.778
Rudy Gay,0-3,0.605
Paul George,0-3,0.636
Taj Gibson,0-3,0.789
Harry Giles,0-3,0.605
Shai Gilgeous-Alexander,0-3,0.633
Anthony Gill,0-3,0.813
Freddie Gillespie,0-3,0.675
Rudy Gobert,0-3,0.798
Brandon Goodwin,0-3,0.481
Aaron Gordon,0-3,0.709
Eric Gordon,0-3,0.747
Devonte' Graham,0-3,0.44
Jerami Grant,0-3,0.668
Danny Green,0-3,0.5
Draymond Green,0-3,0.667
JaMychal Green,0-3,0.688
Javonte Green,0-3,0.733
Jeff Green,0-3,0.725
Josh Green,0-3,0.667
Blake Griffin,0-3,0.633
Kyle Guy,0-3,0.5
Rui Hachimura,0-3,0.748
Ashton Hagans,0-3,0.0
Tyrese Haliburton,0-3,0.674
Donta Hall,0-3,0.833
Josh Hall,0-3,0.6
R.J. Hampton,0-3,0.662
Tim Hardaway Jr.,0-3,0.715
James Harden,0-3,0.674
Maurice Harkless,0-3,0.66
Jared Harper,0-3,0.0
Montrezl Harrell,0-3,0.75
Gary Harris,0-3,0.605
Jalen Harris,0-3,0.706
Joe Harris,0-3,0.661
Tobias Harris,0-3,0.709
Shaquille Harrison,0-3,0.567
Josh Hart,0-3,0.654
Isaiah Hartenstein,0-3,0.63
Udonis Haslem,0-3,1.0
Jaxson Hayes,0-3,0.724
Killian Hayes,0-3,0.444
Gordon Hayward,0-3,0.671
Juan Hernangómez,0-3,0.69
Willy Hernangómez,0-3,0.634
Tyler Herro,0-3,0.667
Buddy Hield,0-3,0.64
George Hill,0-3,0.647
Solomon Hill,0-3,0.571
Nate Hinton,0-3,0.5
Jaylen Hoard,0-3,0.698
Aaron Holiday,0-3,0.481
Jrue Holiday,0-3,0.704
Justin Holiday,0-3,0.612
Rondae Hollis-Jefferson,0-3,0.5
Richaun Holmes,0-3,0.747
Rodney Hood,0-3,0.583
Al Horford,0-3,0.672
Talen Horton-Tucker,0-3,0.639
Danuel House,0-3,0.557
Dwight Howard,0-3,0.665
Markus Howard,0-3,0.615
Kevin Huerter,0-3,0.625
Elijah Hughes,0-3,0.0
De'Andre Hunter,0-3,0.661
Chandler Hutchison,0-3,0.346
Serge Ibaka,0-3,0.753
Andre Iguodala,0-3,0.649
Ersan İlyasova,0-3,0.4
Joe Ingles,0-3,0.729
Brandon Ingram,0-3,0.677
Kyrie Irving,0-3,0.623
Wesley Iwundu,0-3,0.579
Frank Jackson,0-3,0.59
Jaren Jackson Jr.,0-3,0.708
Josh Jackson,0-3,0.619
Justin Jackson,0-3,0.7
Reggie Jackson,0-3,0.609
Justin James,0-3,0.682
LeBron James,0-3,0.782
Mike James,0-3,0.167
DaQuan Jeffries,0-3,0.792
Ty Jerome,0-3,0.647
Isaiah Joe,0-3,0.25
Alize Johnson,0-3,0.815
Cameron Johnson,0-3,0.754
James Johnson,0-3,0.672
Keldon Johnson,0-3,0.652
Stanley Johnson,0-3,0.489
Tyler Johnson,0-3,0.6
Nikola Jokić,0-3,0.753
Damian Jones,0-3,0.769
Derrick Jones Jr.,0-3,0.662
Mason Jones,0-3,0.619
Tre Jones,0-3,0.742
Tyus Jones,0-3,0.527
DeAndre Jordan,0-3,0.826
Cory Joseph,0-3,0.753
Mfiondu Kabengele,0-3,0.667
Frank Kaminsky,0-3,0.676
Enes Kanter,0-3,0.695
Luke Kennard,0-3,0.757
Louis King,0-3,0.857
Maxi Kleber,0-3,0.643
Nathan Knight,0-3,0.561
Kevin Knox,0-3,0.583
John Konchar,0-3,0.745
Furkan Korkmaz,0-3,0.655
Luke Kornet,0-3,0.767
Rodions Kurucs,0-3,0.625
Kyle Kuzma,0-3,0.687
Anthony Lamb,0-3,0.586
Jeremy Lamb,0-3,0.58
Romeo Langford,0-3,0.65
Zach LaVine,0-3,0.693
Jake Layman,0-3,0.75
T.J. Leaf,0-3,0.571
Jalen Lecque,0-3,0.25
Damion Lee,0-3,0.773
Saben Lee,0-3,0.617
Alex Len,0-3,0.792
Kawhi Leonard,0-3,0.775
Meyers Leonard,0-3,0.0
Caris LeVert,0-3,0.659
Kira Lewis Jr.,0-3,0.611
Damian Lillard,0-3,0.631
Nassir Little,0-3,0.689
Kevon Looney,0-3,0.722
Brook Lopez,0-3,0.774
Robin Lopez,0-3,0.696
Didi Louzada,0-3,0.5
Kevin Love,0-3,0.621
Kyle Lowry,0-3,0.685
Timothé Luwawu-Cabarrot,0-3,0.568
Trey Lyles,0-3,0.75
Will Magnay,0-3,0.0
Thon Maker,0-3,0.714
Théo Maledon,0-3,0.419
Karim Mané,0-3,0.4
Terance Mann,0-3,0.708
Nico Mannion,0-3,0.769
Boban Marjanović,0-3,0.741
Lauri Markkanen,0-3,0.672
Naji Marshall,0-3,0.552
Caleb Martin,0-3,0.575
Cody Martin,0-3,0.561
Jeremiah Martin,0-3,0.444
Kelan Martin,0-3,0.564
Kenyon Martin Jr.,0-3,0.711
Frank Mason III,0-3,0.417
Garrison Mathews,0-3,0.9
Dakota Mathias,0-3,0.5
Wesley Matthews,0-3,0.68
Tyrese Maxey,0-3,0.591
Skylar Mays,0-3,0.55
Patrick McCaw,0-3,1.0
CJ McCollum,0-3,0.596
T.J. McConnell,0-3,0.654
Jaden McDaniels,0-3,0.69
Jalen McDaniels,0-3,0.688
Doug McDermott,0-3,0.716
Sean McDermott,0-3,0.75
JaVale McGee,0-3,0.689
Rodney McGruder,0-3,0.722
Alfonzo McKinnie,0-3,0.7
Jordan McLaughlin,0-3,0.518
Ben McLemore,0-3,0.639
Nicolò Melli,0-3,0.476
De'Anthony Melton,0-3,0.609
Sam Merrill,0-3,0.5
Chimezie Metu,0-3,0.789
Khris Middleton,0-3,0.652
Darius Miller,0-3,0.0
Patty Mills,0-3,0.574
Paul Millsap,0-3,0.694
Shake Milton,0-3,0.62
Donovan Mitchell,0-3,0.608
Adam Mokoka,0-3,0.75
Malik Monk,0-3,0.582
E'Twaun Moore,0-3,0.381
Ja Morant,0-3,0.632
Juwan Morgan,0-3,0.692
Marcus Morris,0-3,0.604
Markieff Morris,0-3,0.7
Monte Morris,0-3,0.769
Mychal Mulder,0-3,0.795
Dejounte Murray,0-3,0.649
Jamal Murray,0-3,0.816
Mike Muscala,0-3,0.714
Sviatoslav Mykhailiuk,0-3,0.66
Abdel Nader,0-3,0.683
Larry Nance Jr.,0-3,0.682
Aaron Nesmith,0-3,0.667
Raul Neto,0-3,0.61
Georges Niang,0-3,0.593
Zeke Nnaji,0-3,0.864
Nerlens Noel,0-3,0.706
Jaylen Nowell,0-3,0.559
Frank Ntilikina,0-3,0.667
Kendrick Nunn,0-3,0.755
James Nunnally,0-3,0.0
Jusuf Nurkić,0-3,0.596
David Nwaba,0-3,0.667
Jordan Nwora,0-3,0.577
Royce O'Neale,0-3,0.737
Semi Ojeleye,0-3,0.636
Jahlil Okafor,0-3,0.717
Chuma Okeke,0-3,0.68
Josh Okogie,0-3,0.615
Onyeka Okongwu,0-3,0.795
Isaac Okoro,0-3,0.611
KZ Okpala,0-3,0.655
Victor Oladipo,0-3,0.655
Cameron Oliver,0-3,0.769
Kelly Olynyk,0-3,0.769
Miye Oni,0-3,0.5
Cedi Osman,0-3,0.569
Daniel Oturu,0-3,0.583
Kelly Oubre Jr.,0-3,0.72
Jabari Parker,0-3,0.941
Eric Paschall,0-3,0.671
Anžejs Pasečņiks,0-3,0.0
Patrick Patterson,0-3,0.7
Justin Patton,0-3,0.706
Chris Paul,0-3,0.667
Cameron Payne,0-3,0.667
Elfrid Payton,0-3,0.576
Gary Payton II,0-3,0.875
Norvel Pelle,0-3,0.545
Reggie Perry,0-3,0.628
Theo Pinson,0-3,0.0
Mason Plumlee,0-3,0.795
Jakob Poeltl,0-3,0.72
Vincent Poirier,0-3,0.4
Aleksej Pokusevski,0-3,0.554
Jordan Poole,0-3,0.743
Jontay Porter,0-3,0.667
Kevin Porter Jr.,0-3,0.74
Michael Porter Jr.,0-3,0.838
Otto Porter,0-3,0.774
Bobby Portis,0-3,0.671
Kristaps Porziņģis,0-3,0.75
Dwight Powell,0-3,0.755
Norman Powell,0-3,0.647
Taurean Prince,0-3,0.55
Payton Pritchard,0-3,0.639
Immanuel Quickley,0-3,0.618
Jahmi'us Ramsey,0-3,0.818
Chasson Randle,0-3,0.708
Julius Randle,0-3,0.659
Cam Reddish,0-3,0.656
J.J. Redick,0-3,0.667
Paul Reed,0-3,0.721
Naz Reid,0-3,0.704
Cameron Reynolds,0-3,0.5
Nick Richards,0-3,0.5
Josh Richardson,0-3,0.677
Grant Riller,0-3,1.0
Austin Rivers,0-3,0.714
Andre Roberson,0-3,0.2
Duncan Robinson,0-3,0.825
Glenn Robinson III,0-3,0.4
Jerome Robinson,0-3,0.6
Justin Robinson,0-3,0.667
Mitchell Robinson,0-3,0.688
Isaiah Roby,0-3,0.643
Rajon Rondo,0-3,0.6
Derrick Rose,0-3,0.517
Terrence Ross,0-3,0.744
Terry Rozier,0-3,0.615
Ricky Rubio,0-3,0.582
D'Angelo Russell,0-3,0.658
Domantas Sabonis,0-3,0.746
Luka Šamanić,0-3,0.735
JaKarr Sampson,0-3,0.519
Dario Šarić,0-3,0.674
Tomáš Satoranský,0-3,0.779
Dennis Schröder,0-3,0.6
Mike Scott,0-3,0.5
Jay Scrubb,0-3,0.545
Collin Sexton,0-3,0.619
Landry Shamet,0-3,0.585
Iman Shumpert,0-3,0.0
Pascal Siakam,0-3,0.69
Chris Silva,0-3,0.75
Ben Simmons,0-3,0.687
Anfernee Simons,0-3,0.531
Deividas Sirvydis,0-3,0.571
Alen Smailagić,0-3,0.5
Marcus Smart,0-3,0.515
Dennis Smith Jr.,0-3,0.545
Ish Smith,0-3,0.554
Jalen Smith,0-3,0.667
Tony Snell,0-3,0.615
Ray Spalding,0-3,0.5
Cassius Stanley,0-3,0.444
Lamar Stevens,0-3,0.7
Isaiah Stewart,0-3,0.644
Max Strus,0-3,0.897
Edmond Sumner,0-3,0.712
Jae'Sean Tate,0-3,0.719
Jayson Tatum,0-3,0.735
Jeff Teague,0-3,0.648
Garrett Temple,0-3,0.611
Tyrell Terry,0-3,1.0
Daniel Theis,0-3,0.776
Brodric Thomas,0-3,0.72
Isaiah Thomas,0-3,0.5
Khyri Thomas,0-3,0.833
Matt Thomas,0-3,0.625
Tristan Thompson,0-3,0.571
Sindarius Thornwell,0-3,0.667
Matisse Thybulle,0-3,0.742
Killian Tillie,0-3,0.429
Xavier Tillman Sr.,0-3,0.731
Anthony Tolliver,0-3,0.0
Obi Toppin,0-3,0.695
Juan Toscano-Anderson,0-3,0.817
Axel Toupane,0-3,0.6
Karl-Anthony Towns,0-3,0.663
Gary Trent Jr.,0-3,0.646
P.J. Tucker,0-3,0.515
Rayjon Tucker,0-3,0.7
Myles Turner,0-3,0.725
Jonas Valančiūnas,0-3,0.69
Denzel Valentine,0-3,0.611
Jarred Vanderbilt,0-3,0.717
Fred VanVleet,0-3,0.53
Anderson Varejão,0-3,0.286
Devin Vassell,0-3,0.658
Gabe Vincent,0-3,0.633
Noah Vonleh,0-3,0.0
Nikola Vučević,0-3,0.683
Dean Wade,0-3,0.662
Moritz Wagner,0-3,0.643
Kemba Walker,0-3,0.741
Lonnie Walker,0-3,0.572
John Wall,0-3,0.568
Brad Wanamaker,0-3,0.602
T.J. Warren,0-3,0.824
P.J. Washington,0-3,0.613
Yuta Watanabe,0-3,0.667
Tremont Waters,0-3,0.636
Paul Watson,0-3,0.875
Quinndary Weatherspoon,0-3,0.706
Russell Westbrook,0-3,0.65
Coby White,0-3,0.558
Derrick White,0-3,0.646
Hassan Whiteside,0-3,0.732
Greg Whittington,0-3,0.0
Andrew Wiggins,0-3,0.706
Grant Williams,0-3,0.6
Kenrich Williams,0-3,0.729
Lou Williams,0-3,0.624
Patrick Williams,0-3,0.673
Robert Williams,0-3,0.801
Zion Williamson,0-3,0.701
D.J. Wilson,0-3,0.529
Dylan Windler,0-3,0.629
Justise Winslow,0-3,0.551
Cassius Winston,0-3,0.5
James Wiseman,0-3,0.794
Christian Wood,0-3,0.805
Robert Woodard,0-3,1.0
Delon Wright,0-3,0.645
Thaddeus Young,0-3,0.678
Trae Young,0-3,0.572
Cody Zeller,0-3,0.684
Ivica Zubac,0-3,0.729
Precious Achiuwa,3-10,0.367
Jaylen Adams,3-10,0.0
Steven Adams,3-10,0.494
Bam Adebayo,3-10,0.471
LaMarcus Aldridge,3-10,0.472
Ty-Shon Alexander,3-10,0.0
Nickeil Alexander-Walker,3-10,0.52
Grayson Allen,3-10,0.365
Jarrett Allen,3-10,0.436
Al-Farouq Aminu,3-10,0.417
Kyle Anderson,3-10,0.497
Giannis Antetokounmpo,3-10,0.401
Kostas Antetokounmpo,3-10,0.0
Thanasis Antetokounmpo,3-10,0.105
Carmelo Anthony,3-10,0.403
Cole Anthony,3-10,0.298
OG Anunoby,3-10,0.344
Ryan Arcidiacono,3-10,0.375
Trevor Ariza,3-10,0.261
D.J. Augustin,3-10,0.371
Deni Avdija,3-10,0.473
Deandre Ayton,3-10,0.517
Udoka Azubuike,3-10,0.0
Dwayne Bacon,3-10,0.402
Marvin Bagley III,3-10,0.383
LaMelo Ball,3-10,0.419
Lonzo Ball,3-10,0.3
Mo Bamba,3-10,0.46
Desmond Bane,3-10,0.485
Harrison Barnes,3-10,0.415
RJ Barrett,3-10,0.318
Will Barton,3-10,0.297
Keita Bates-Diop,3-10,0.158
Nicolas Batum,3-10,0.6
Aron Baynes,3-10,0.473
Kent Bazemore,3-10,0.485
Darius Bazley,3-10,0.287
Bradley Beal,3-10,0.53
Malik Beasley,3-10,0.449
Jordan Bell,3-10,0.0
DeAndre' Bembry,3-10,0.436
Dāvis Bertāns,3-10,0.474
Patrick Beverley,3-10,0.483
Saddiq Bey,3-10,0.313
Tyler Bey,3-10,0.4
Khem Birch,3-10,0.431
Goga Bitadze,3-10,0.297
Bismack Biyombo,3-10,0.355
Nemanja Bjelica,3-10,0.395
Eric Bledsoe,3-10,0.393
Keljin Blevins,3-10,0.143
Bogdan Bogdanović,3-10,0.459
Bojan Bogdanović,3-10,0.411
Bol Bol,3-10,0.3
Marques Bolden,3-10,0.0
Jordan Bone,3-10,1.0
Isaac Bonga,3-10,0.421
Devin Booker,3-10,0.481
Chris Boucher,3-10,0.465
Brian Bowen,3-10,1.0
Avery Bradley,3-10,0.353
Tony Bradley,3-10,0.656
Jarrell Brantley,3-10,0.364
Ignas Brazdeikis,3-10,0.421
Mikal Bridges,3-10,0.5
Miles Bridges,3-10,0.42
Amida Brimah,3-10,0.333
Oshae Brissett,3-10,0.158
Malcolm Brogdon,3-10,0.404
Armoni Brooks,3-10,0.545
Dillon Brooks,3-10,0.395
Bruce Brown,3-10,0.479
Charlie Brown,3-10,0.25
Jaylen Brown,3-10,0.442
Moses Brown,3-10,0.267
Sterling Brown,3-10,0.364
Troy Brown Jr.,3-10,0.474
Jalen Brunson,3-10,0.42
Elijah Bryant,3-10,0.5
Thomas Bryant,3-10,0.762
Reggie Bullock,3-10,0.379
Trey Burke,3-10,0.441
Alec Burks,3-10,0.377
Jimmy Butler,3-10,0.441
Bruno Caboclo,3-10,0.333
Devontae Cacok,3-10,0.455
Kentavious Caldwell-Pope,3-10,0.378
Facundo Campazzo,3-10,0.419
Vlatko Čančar,3-10,0.5
Devin Cannady,3-10,0.0
Clint Capela,3-10,0.385
Vernon Carey Jr.,3-10,0.429
Jevon Carter,3-10,0.417
Wendell Carter Jr.,3-10,0.444
Michael Carter-Williams,3-10,0.337
Alex Caruso,3-10,0.341
Willie Cauley-Stein,3-10,0.533
Chris Chiozza,3-10,0.286
Marquese Chriss,3-10,0.0
Gary Clark,3-10,0.182
Brandon Clarke,3-10,0.428
Jordan Clarkson,3-10,0.497
Nicolas Claxton,3-10,0.353
Amir Coffey,3-10,0.2
John Collins,3-10,0.459
Mike Conley,3-10,0.478
Pat Connaughton,3-10,0.333
Quinn Cook,3-10,0.571
Tyler Cook,3-10,0.529
DeMarcus Cousins,3-10,0.404
Robert Covington,3-10,0.211
Torrey Craig,3-10,0.194
Jae Crowder,3-10,0.417
Jarrett Culver,3-10,0.333
Seth Curry,3-10,0.426
Stephen Curry,3-10,0.532
Nate Darling,3-10,0.0
Anthony Davis,3-10,0.536
Ed Davis,3-10,0.333
Terence Davis,3-10,0.323
Gabriel Deck,3-10,0.5
Dewayne Dedmon,3-10,0.533
Matthew Dellavedova,3-10,0.389
DeMar DeRozan,3-10,0.51
Mamadi Diakite,3-10,0.286
Hamidou Diallo,3-10,0.395
Gorgui Dieng,3-10,0.435
Spencer Dinwiddie,3-10,0.25
Donte DiVincenzo,3-10,0.34
Luka Dončić,3-10,0.507
Luguentz Dort,3-10,0.296
Damyean Dotson,3-10,0.591
Devon Dotson,3-10,0.5
Sekou Doumbouya,3-10,0.277
PJ Dozier,3-10,0.364
Goran Dragić,3-10,0.396
Andre Drummond,3-10,0.409
Jared Dudley,3-10,0.0
Kris Dunn,3-10,0.0
Kevin Durant,3-10,0.473
Anthony Edwards,3-10,0.318
Carsen Edwards,3-10,0.375
CJ Elleby,3-10,0.0
Henry Ellenson,3-10,0.0
Wayne Ellington,3-10,0.636
Joel Embiid,3-10,0.441
James Ennis,3-10,0.352
Drew Eubanks,3-10,0.408
Dante Exum,3-10,0.333
Tacko Fall,3-10,0.7
Derrick Favors,3-10,0.619
Cristiano Felício,3-10,0.0
Terrance Ferguson,3-10,0.0
Bruno Fernando,3-10,0.0
Yogi Ferrell,3-10,0.4
Dorian Finney-Smith,3-10,0.375
Malik Fitts,3-10,0.0
Malachi Flynn,3-10,0.407
Bryn Forbes,3-10,0.39
Trent Forrest,3-10,0.524
Evan Fournier,3-10,0.5
De'Aaron Fox,3-10,0.426
Robert Franks,3-10,0.5
Tim Frazier,3-10,0.0
Markelle Fultz,3-10,0.447
Wenyen Gabriel,3-10,0.2
Daniel Gafford,3-10,0.57
Danilo Gallinari,3-10,0.405
Langston Galloway,3-10,0.5
Darius Garland,3-10,0.444
Marc Gasol,3-10,0.5
Rudy Gay,3-10,0.448
Paul George,3-10,0.403
Taj Gibson,3-10,0.414
Harry Giles,3-10,0.333
Shai Gilgeous-Alexander,3-10,0.528
Anthony Gill,3-10,0.526
Freddie Gillespie,3-10,0.412
Rudy Gobert,3-10,0.281
Brandon Goodwin,3-10,0.4
Aaron Gordon,3-10,0.398
Eric Gordon,3-10,0.357
Devonte' Graham,3-10,0.286
Jerami Grant,3-10,0.386
Danny Green,3-10,0.333
Draymond Green,3-10,0.458
JaMychal Green,3-10,0.407
Javonte Green,3-10,0.368
Jeff Green,3-10,0.329
Josh Green,3-10,0.375
Blake Griffin,3-10,0.431
Kyle Guy,3-10,0.176
Rui Hachimura,3-10,0.442
Ashton Hagans,3-10,0.0
Tyrese Haliburton,3-10,0.514
Donta Hall,3-10,0.375
Josh Hall,3-10,0.333
R.J. Hampton,3-10,0.376
Tim Hardaway Jr.,3-10,0.4
James Harden,3-10,0.455
Maurice Harkless,3-10,0.333
Jared Harper,3-10,0.0
Montrezl Harrell,3-10,0.506
Gary Harris,3-10,0.318
Jalen Harris,3-10,0.357
Joe Harris,3-10,0.426
Tobias Harris,3-10,0.474
Shaquille Harrison,3-10,0.087
Josh Hart,3-10,0.381
Isaiah Hartenstein,3-10,0.508
Udonis Haslem,3-10,0.0
Jaxson Hayes,3-10,0.492
Killian Hayes,3-10,0.408
Gordon Hayward,3-10,0.392
Juan Hernangómez,3-10,0.207
Willy Hernangómez,3-10,0.5
Tyler Herro,3-10,0.455
Buddy Hield,3-10,0.267
George Hill,3-10,0.483
Solomon Hill,3-10,0.333
Nate Hinton,3-10,0.2
Jaylen Hoard,3-10,0.25
Aaron Holiday,3-10,0.316
Jrue Holiday,3-10,0.433
Justin Holiday,3-10,0.19
Rondae Hollis-Jefferson,3-10,0.5
Richaun Holmes,3-10,0.552
Rodney Hood,3-10,0.286
Al Horford,3-10,0.444
Talen Horton-Tucker,3-10,0.359
Danuel House,3-10,0.464
Dwight Howard,3-10,0.476
Markus Howard,3-10,0.444
Kevin Huerter,3-10,0.418
Elijah Hughes,3-10,0.0
De'Andre Hunter,3-10,0.563
Chandler Hutchison,3-10,0.422
Serge Ibaka,3-10,0.469
Andre Iguodala,3-10,0.5
Ersan İlyasova,3-10,0.0
Joe Ingles,3-10,0.506
Brandon Ingram,3-10,0.417
Kyrie Irving,3-10,0.535
Wesley Iwundu,3-10,0.278
Frank Jackson,3-10,0.541
Jaren Jackson Jr.,3-10,0.486
Josh Jackson,3-10,0.385
Justin Jackson,3-10,0.468
Reggie Jackson,3-10,0.361
Justin James,3-10,0.424
LeBron James,3-10,0.474
Mike James,3-10,0.48
DaQuan Jeffries,3-10,0.35
Ty Jerome,3-10,0.508
Isaiah Joe,3-10,0.167
Alize Johnson,3-10,0.429
Cameron Johnson,3-10,0.5
James Johnson,3-10,0.403
Keldon Johnson,3-10,0.374
Stanley Johnson,3-10,0.486
Tyler Johnson,3-10,0.4
Nikola Jokić,3-10,0.572
Damian Jones,3-10,0.632
Derrick Jones Jr.,3-10,0.375
Mason Jones,3-10,0.4
Tre Jones,3-10,0.231
Tyus Jones,3-10,0.484
DeAndre Jordan,3-10,0.37
Cory Joseph,3-10,0.463
Mfiondu Kabengele,3-10,0.375
Frank Kaminsky,3-10,0.451
Enes Kanter,3-10,0.416
Luke Kennard,3-10,0.462
Louis King,3-10,0.625
Maxi Kleber,3-10,0.154
Nathan Knight,3-10,0.381
Kevin Knox,3-10,0.231
John Konchar,3-10,0.36
Furkan Korkmaz,3-10,0.289
Luke Kornet,3-10,0.5
Rodions Kurucs,3-10,0.0
Kyle Kuzma,3-10,0.394
Anthony Lamb,3-10,0.333
Jeremy Lamb,3-10,0.364
Romeo Langford,3-10,0.273
Zach LaVine,3-10,0.362
Jake Layman,3-10,0.348
T.J. Leaf,3-10,0.5
Jalen Lecque,3-10,0.0
Damion Lee,3-10,0.68
Saben Lee,3-10,0.378
Alex Len,3-10,0.55
Kawhi Leonard,3-10,0.52
Meyers Leonard,3-10,0.0
Caris LeVert,3-10,0.345
Kira Lewis Jr.,3-10,0.318
Damian Lillard,3-10,0.359
Nassir Little,3-10,0.526
Kevon Looney,3-10,0.364
Brook Lopez,3-10,0.511
Robin Lopez,3-10,0.648
Didi Louzada,3-10,0.0
Kevin Love,3-10,0.484
Kyle Lowry,3-10,0.364
Timothé Luwawu-Cabarrot,3-10,0.318
Trey Lyles,3-10,0.556
Will Magnay,3-10,0.0
Thon Maker,3-10,0.667
Théo Maledon,3-10,0.376
Karim Mané,3-10,0.0
Terance Mann,3-10,0.397
Nico Mannion,3-10,0.286
Boban Marjanović,3-10,0.349
Lauri Markkanen,3-10,0.553
Naji Marshall,3-10,0.294
Caleb Martin,3-10,0.375
Cody Martin,3-10,0.636
Jeremiah Martin,3-10,0.0
Kelan Martin,3-10,0.368
Kenyon Martin Jr.,3-10,0.294
Frank Mason III,3-10,0.333
Garrison Mathews,3-10,0.308
Dakota Mathias,3-10,0.5
Wesley Matthews,3-10,0.214
Tyrese Maxey,3-10,0.46
Skylar Mays,3-10,0.5
Patrick McCaw,3-10,0.0
CJ McCollum,3-10,0.455
T.J. McConnell,3-10,0.545
Jaden McDaniels,3-10,0.412
Jalen McDaniels,3-10,0.382
Doug McDermott,3-10,0.5
Sean McDermott,3-10,1.0
JaVale McGee,3-10,0.43
Rodney McGruder,3-10,0.55
Alfonzo McKinnie,3-10,0.429
Jordan McLaughlin,3-10,0.333
Ben McLemore,3-10,0.333
Nicolò Melli,3-10,0.214
De'Anthony Melton,3-10,0.295
Sam Merrill,3-10,0.0
Chimezie Metu,3-10,0.368
Khris Middleton,3-10,0.49
Darius Miller,3-10,0.0
Patty Mills,3-10,0.457
Paul Millsap,3-10,0.5
Shake Milton,3-10,0.42
Donovan Mitchell,3-10,0.418
Adam Mokoka,3-10,0.0
Malik Monk,3-10,0.4
E'Twaun Moore,3-10,0.474
Ja Morant,3-10,0.372
Juwan Morgan,3-10,0.333
Marcus Morris,3-10,0.316
Markieff Morris,3-10,0.5
Monte Morris,3-10,0.333
Mychal Mulder,3-10,0.333
Dejounte Murray,3-10,0.39
Jamal Murray,3-10,0.465
Mike Muscala,3-10,0.5
Sviatoslav Mykhailiuk,3-10,0.302
Abdel Nader,3-10,0.385
Larry Nance Jr.,3-10,0.432
Aaron Nesmith,3-10,0.448
Raul Neto,3-10,0.489
Georges Niang,3-10,0.538
Zeke Nnaji,3-10,0.214
Nerlens Noel,3-10,0.489
Jaylen Nowell,3-10,0.383
Frank Ntilikina,3-10,0.167
Kendrick Nunn,3-10,0.405
James Nunnally,3-10,0.0
Jusuf Nurkić,3-10,0.433
David Nwaba,3-10,0.422
Jordan Nwora,3-10,0.389
Royce O'Neale,3-10,0.323
Semi Ojeleye,3-10,0.542
Jahlil Okafor,3-10,0.613
Chuma Okeke,3-10,0.333
Josh Okogie,3-10,0.235
Onyeka Okongwu,3-10,0.511
Isaac Okoro,3-10,0.364
KZ Okpala,3-10,0.357
Victor Oladipo,3-10,0.356
Cameron Oliver,3-10,0.75
Kelly Olynyk,3-10,0.479
Miye Oni,3-10,0.4
Cedi Osman,3-10,0.314
Daniel Oturu,3-10,0.214
Kelly Oubre Jr.,3-10,0.355
Jabari Parker,3-10,0.5
Eric Paschall,3-10,0.443
Anžejs Pasečņiks,3-10,0.0
Patrick Patterson,3-10,0.462
Justin Patton,3-10,0.333
Chris Paul,3-10,0.55
Cameron Payne,3-10,0.43
Elfrid Payton,3-10,0.393
Gary Payton II,3-10,1.0
Norvel Pelle,3-10,0.5
Reggie Perry,3-10,0.0
Theo Pinson,3-10,0.0
Mason Plumlee,3-10,0.422
Jakob Poeltl,3-10,0.49
Vincent Poirier,3-10,0.0
Aleksej Pokusevski,3-10,0.333
Jordan Poole,3-10,0.46
Jontay Porter,3-10,1.0
Kevin Porter Jr.,3-10,0.364
Michael Porter Jr.,3-10,0.486
Otto Porter,3-10,0.314
Bobby Portis,3-10,0.457
Kristaps Porziņģis,3-10,0.457
Dwight Powell,3-10,0.25
Norman Powell,3-10,0.416
Taurean Prince,3-10,0.271
Payton Pritchard,3-10,0.379
Immanuel Quickley,3-10,0.397
Jahmi'us Ramsey,3-10,0.0
Chasson Randle,3-10,0.258
Julius Randle,3-10,0.408
Cam Reddish,3-10,0.262
J.J. Redick,3-10,0.5
Paul Reed,3-10,0.316
Naz Reid,3-10,0.464
Cameron Reynolds,3-10,0.5
Nick Richards,3-10,0.5
Josh Richardson,3-10,0.404
Grant Riller,3-10,0.0
Austin Rivers,3-10,0.3
Andre Roberson,3-10,0.0
Duncan Robinson,3-10,0.429
Glenn Robinson III,3-10,0.64
Jerome Robinson,3-10,0.294
Justin Robinson,3-10,1.0
Mitchell Robinson,3-10,0.313
Isaiah Roby,3-10,0.422
Rajon Rondo,3-10,0.262
Derrick Rose,3-10,0.456
Terrence Ross,3-10,0.365
Terry Rozier,3-10,0.418
Ricky Rubio,3-10,0.338
D'Angelo Russell,3-10,0.481
Domantas Sabonis,3-10,0.427
Luka Šamanić,3-10,0.364
JaKarr Sampson,3-10,0.541
Dario Šarić,3-10,0.359
Tomáš Satoranský,3-10,0.457
Dennis Schröder,3-10,0.366
Mike Scott,3-10,0.5
Jay Scrubb,3-10,0.333
Collin Sexton,3-10,0.455
Landry Shamet,3-10,0.375
Iman Shumpert,3-10,0.0
Pascal Siakam,3-10,0.424
Chris Silva,3-10,0.5
Ben Simmons,3-10,0.426
Anfernee Simons,3-10,0.295
Deividas Sirvydis,3-10,0.0
Alen Smailagić,3-10,0.286
Marcus Smart,3-10,0.495
Dennis Smith Jr.,3-10,0.421
Ish Smith,3-10,0.45
Jalen Smith,3-10,0.5
Tony Snell,3-10,0.346
Ray Spalding,3-10,1.0
Cassius Stanley,3-10,0.2
Lamar Stevens,3-10,0.35
Isaiah Stewart,3-10,0.524
Max Strus,3-10,1.0
Edmond Sumner,3-10,0.364
Jae'Sean Tate,3-10,0.449
Jayson Tatum,3-10,0.417
Jeff Teague,3-10,0.38
Garrett Temple,3-10,0.424
Tyrell Terry,3-10,0.0
Daniel Theis,3-10,0.548
Brodric Thomas,3-10,0.125
Isaiah Thomas,3-10,0.0
Khyri Thomas,3-10,0.375
Matt Thomas,3-10,0.25
Tristan Thompson,3-10,0.48
Sindarius Thornwell,3-10,0.25
Matisse Thybulle,3-10,0.367
Killian Tillie,3-10,0.286
Xavier Tillman Sr.,3-10,0.526
Anthony Tolliver,3-10,0.0
Obi Toppin,3-10,0.481
Juan Toscano-Anderson,3-10,0.455
Axel Toupane,3-10,0.0
Karl-Anthony Towns,3-10,0.476
Gary Trent Jr.,3-10,0.359
P.J. Tucker,3-10,0.412
Rayjon Tucker,3-10,0.0
Myles Turner,3-10,0.438
Jonas Valančiūnas,3-10,0.536
Denzel Valentine,3-10,0.4
Jarred Vanderbilt,3-10,0.233
Fred VanVleet,3-10,0.26
Anderson Varejão,3-10,0.0
Devin Vassell,3-10,0.5
Gabe Vincent,3-10,0.286
Noah Vonleh,3-10,0.0
Nikola Vučević,3-10,0.484
Dean Wade,3-10,0.333
Moritz Wagner,3-10,0.419
Kemba Walker,3-10,0.377
Lonnie Walker,3-10,0.424
John Wall,3-10,0.386
Brad Wanamaker,3-10,0.338
T.J. Warren,3-10,0.714
P.J. Washington,3-10,0.375
Yuta Watanabe,3-10,0.375
Tremont Waters,3-10,0.364
Paul Watson,3-10,0.143
Quinndary Weatherspoon,3-10,0.25
Russell Westbrook,3-10,0.465
Coby White,3-10,0.347
Derrick White,3-10,0.474
Hassan Whiteside,3-10,0.451
Greg Whittington,3-10,0.0
Andrew Wiggins,3-10,0.5
Grant Williams,3-10,0.5
Kenrich Williams,3-10,0.447
Lou Williams,3-10,0.359
Patrick Williams,3-10,0.394
Robert Williams,3-10,0.651
Zion Williamson,3-10,0.419
D.J. Wilson,3-10,0.45
Dylan Windler,3-10,0.538
Justise Winslow,3-10,0.455
Cassius Winston,3-10,0.25
James Wiseman,3-10,0.419
Christian Wood,3-10,0.352
Robert Woodard,3-10,0.0
Delon Wright,3-10,0.373
Thaddeus Young,3-10,0.505
Trae Young,3-10,0.47
Cody Zeller,3-10,0.414
Ivica Zubac,3-10,0.504
Precious Achiuwa,10-16,0.333
Jaylen Adams,10-16,1.0
Steven Adams,10-16,0.429
Bam Adebayo,10-16,0.456
LaMarcus Aldridge,10-16,0.444
Ty-Shon Alexander,10-16,0.0
Nickeil Alexander-Walker,10-16,0.421
Grayson Allen,10-16,0.414
Jarrett Allen,10-16,0.407
Al-Farouq Aminu,10-16,0.0
Kyle Anderson,10-16,0.541
Giannis Antetokounmpo,10-16,0.359
Kostas Antetokounmpo,10-16,0.0
Thanasis Antetokounmpo,10-16,0.0
Carmelo Anthony,10-16,0.448
Cole Anthony,10-16,0.493
OG Anunoby,10-16,0.381
Ryan Arcidiacono,10-16,0.7
Trevor Ariza,10-16,0.0
D.J. Augustin,10-16,0.28
Deni Avdija,10-16,0.214
Deandre Ayton,10-16,0.479
Udoka Azubuike,10-16,0.0
Dwayne Bacon,10-16,0.394
Marvin Bagley III,10-16,0.55
LaMelo Ball,10-16,0.375
Lonzo Ball,10-16,0.386
Mo Bamba,10-16,0.263
Desmond Bane,10-16,0.426
Harrison Barnes,10-16,0.393
RJ Barrett,10-16,0.315
Will Barton,10-16,0.455
Keita Bates-Diop,10-16,0.333
Nicolas Batum,10-16,0.455
Aron Baynes,10-16,0.471
Kent Bazemore,10-16,0.292
Darius Bazley,10-16,0.37
Bradley Beal,10-16,0.47
Malik Beasley,10-16,0.267
Jordan Bell,10-16,0.0
DeAndre' Bembry,10-16,0.375
Dāvis Bertāns,10-16,0.167
Patrick Beverley,10-16,0.286
Saddiq Bey,10-16,0.294
Tyler Bey,10-16,0.0
Khem Birch,10-16,0.46
Goga Bitadze,10-16,0.6
Bismack Biyombo,10-16,0.333
Nemanja Bjelica,10-16,0.333
Eric Bledsoe,10-16,0.425
Keljin Blevins,10-16,0.0
Bogdan Bogdanović,10-16,0.464
Bojan Bogdanović,10-16,0.438
Bol Bol,10-16,0.286
Marques Bolden,10-16,0.0
Jordan Bone,10-16,0.0
Isaac Bonga,10-16,0.0
Devin Booker,10-16,0.542
Chris Boucher,10-16,0.5
Brian Bowen,10-16,0.0
Avery Bradley,10-16,0.167
Tony Bradley,10-16,0.444
Jarrell Brantley,10-16,0.0
Ignas Brazdeikis,10-16,0.0
Mikal Bridges,10-16,0.455
Miles Bridges,10-16,0.167
Amida Brimah,10-16,0.0
Oshae Brissett,10-16,0.333
Malcolm Brogdon,10-16,0.443
Armoni Brooks,10-16,0.2
Dillon Brooks,10-16,0.411
Bruce Brown,10-16,0.292
Charlie Brown,10-16,0.25
Jaylen Brown,10-16,0.484
Moses Brown,10-16,0.0
Sterling Brown,10-16,0.286
Troy Brown Jr.,10-16,0.444
Jalen Brunson,10-16,0.525
Elijah Bryant,10-16,0.0
Thomas Bryant,10-16,0.375
Reggie Bullock,10-16,0.5
Trey Burke,10-16,0.51
Alec Burks,10-16,0.422
Jimmy Butler,10-16,0.426
Bruno Caboclo,10-16,0.0
Devontae Cacok,10-16,0.0
Kentavious Caldwell-Pope,10-16,0.238
Facundo Campazzo,10-16,0.235
Vlatko Čančar,10-16,0.333
Devin Cannady,10-16,0.5
Clint Capela,10-16,0.25
Vernon Carey Jr.,10-16,0.667
Jevon Carter,10-16,0.563
Wendell Carter Jr.,10-16,0.361
Michael Carter-Williams,10-16,0.25
Alex Caruso,10-16,0.323
Willie Cauley-Stein,10-16,0.375
Chris Chiozza,10-16,0.286
Marquese Chriss,10-16,0.0
Gary Clark,10-16,0.0
Brandon Clarke,10-16,0.385
Jordan Clarkson,10-16,0.488
Nicolas Claxton,10-16,0.0
Amir Coffey,10-16,0.5
John Collins,10-16,0.549
Mike Conley,10-16,0.44
Pat Connaughton,10-16,0.4
Quinn Cook,10-16,0.5
Tyler Cook,10-16,0.0
DeMarcus Cousins,10-16,0.25
Robert Covington,10-16,0.125
Torrey Craig,10-16,0.727
Jae Crowder,10-16,0.267
Jarrett Culver,10-16,0.5
Seth Curry,10-16,0.509
Stephen Curry,10-16,0.549
Nate Darling,10-16,0.0
Anthony Davis,10-16,0.415
Ed Davis,10-16,0.0
Terence Davis,10-16,0.6
Gabriel Deck,10-16,0.429
Dewayne Dedmon,10-16,1.0
Matthew Dellavedova,10-16,0.25
DeMar DeRozan,10-16,0.459
Mamadi Diakite,10-16,0.2
Hamidou Diallo,10-16,0.244
Gorgui Dieng,10-16,0.524
Spencer Dinwiddie,10-16,0.0
Donte DiVincenzo,10-16,0.281
Luka Dončić,10-16,0.512
Luguentz Dort,10-16,0.391
Damyean Dotson,10-16,0.333
Devon Dotson,10-16,0.0
Sekou Doumbouya,10-16,0.0
PJ Dozier,10-16,0.259
Goran Dragić,10-16,0.456
Andre Drummond,10-16,0.2
Jared Dudley,10-16,0.0
Kris Dunn,10-16,0.0
Kevin Durant,10-16,0.536
Anthony Edwards,10-16,0.246
Carsen Edwards,10-16,0.5
CJ Elleby,10-16,0.6
Henry Ellenson,10-16,0.0
Wayne Ellington,10-16,0.417
Joel Embiid,10-16,0.48
James Ennis,10-16,0.5
Drew Eubanks,10-16,0.429
Dante Exum,10-16,0.0
Tacko Fall,10-16,0.0
Derrick Favors,10-16,0.469
Cristiano Felício,10-16,0.0
Terrance Ferguson,10-16,0.0
Bruno Fernando,10-16,0.333
Yogi Ferrell,10-16,0.385
Dorian Finney-Smith,10-16,0.5
Malik Fitts,10-16,0.0
Malachi Flynn,10-16,0.405
Bryn Forbes,10-16,0.604
Trent Forrest,10-16,0.875
Evan Fournier,10-16,0.46
De'Aaron Fox,10-16,0.482
Robert Franks,10-16,0.0
Tim Frazier,10-16,0.2
Markelle Fultz,10-16,0.286
Wenyen Gabriel,10-16,0.5
Daniel Gafford,10-16,0.333
Danilo Gallinari,10-16,0.472
Langston Galloway,10-16,0.524
Darius Garland,10-16,0.393
Marc Gasol,10-16,0.391
Rudy Gay,10-16,0.407
Paul George,10-16,0.444
Taj Gibson,10-16,0.538
Harry Giles,10-16,0.0
Shai Gilgeous-Alexander,10-16,0.382
Anthony Gill,10-16,0.0
Freddie Gillespie,10-16,0.3
Rudy Gobert,10-16,0.0
Brandon Goodwin,10-16,0.455
Aaron Gordon,10-16,0.439
Eric Gordon,10-16,0.25
Devonte' Graham,10-16,0.354
Jerami Grant,10-16,0.366
Danny Green,10-16,0.565
Draymond Green,10-16,0.211
JaMychal Green,10-16,0.2
Javonte Green,10-16,0.375
Jeff Green,10-16,0.526
Josh Green,10-16,0.6
Blake Griffin,10-16,0.167
Kyle Guy,10-16,0.5
Rui Hachimura,10-16,0.43
Ashton Hagans,10-16,0.0
Tyrese Haliburton,10-16,0.436
Donta Hall,10-16,1.0
Josh Hall,10-16,0.455
R.J. Hampton,10-16,0.378
Tim Hardaway Jr.,10-16,0.426
James Harden,10-16,0.448
Maurice Harkless,10-16,0.5
Jared Harper,10-16,0.0
Montrezl Harrell,10-16,0.435
Gary Harris,10-16,0.391
Jalen Harris,10-16,0.0
Joe Harris,10-16,0.54
Tobias Harris,10-16,0.511
Shaquille Harrison,10-16,0.25
Josh Hart,10-16,0.556
Isaiah Hartenstein,10-16,0.167
Udonis Haslem,10-16,1.0
Jaxson Hayes,10-16,0.214
Killian Hayes,10-16,0.414
Gordon Hayward,10-16,0.453
Juan Hernangómez,10-16,0.0
Willy Hernangómez,10-16,0.412
Tyler Herro,10-16,0.408
Buddy Hield,10-16,0.444
George Hill,10-16,0.455
Solomon Hill,10-16,0.2
Nate Hinton,10-16,0.667
Jaylen Hoard,10-16,0.333
Aaron Holiday,10-16,0.333
Jrue Holiday,10-16,0.528
Justin Holiday,10-16,0.118
Rondae Hollis-Jefferson,10-16,1.0
Richaun Holmes,10-16,0.622
Rodney Hood,10-16,0.42
Al Horford,10-16,0.444
Talen Horton-Tucker,10-16,0.486
Danuel House,10-16,0.3
Dwight Howard,10-16,0.286
Markus Howard,10-16,0.6
Kevin Huerter,10-16,0.563
Elijah Hughes,10-16,0.5
De'Andre Hunter,10-16,0.474
Chandler Hutchison,10-16,0.286
Serge Ibaka,10-16,0.484
Andre Iguodala,10-16,0.25
Ersan İlyasova,10-16,0.0
Joe Ingles,10-16,0.571
Brandon Ingram,10-16,0.449
Kyrie Irving,10-16,0.52
Wesley Iwundu,10-16,0.5
Frank Jackson,10-16,0.406
Jaren Jackson Jr.,10-16,0.4
Josh Jackson,10-16,0.333
Justin Jackson,10-16,0.333
Reggie Jackson,10-16,0.345
Justin James,10-16,0.667
LeBron James,10-16,0.384
Mike James,10-16,0.357
DaQuan Jeffries,10-16,0.0
Ty Jerome,10-16,0.48
Isaiah Joe,10-16,0.429
Alize Johnson,10-16,0.714
Cameron Johnson,10-16,0.346
James Johnson,10-16,0.313
Keldon Johnson,10-16,0.5
Stanley Johnson,10-16,0.4
Tyler Johnson,10-16,0.417
Nikola Jokić,10-16,0.481
Damian Jones,10-16,0.667
Derrick Jones Jr.,10-16,1.0
Mason Jones,10-16,0.571
Tre Jones,10-16,0.333
Tyus Jones,10-16,0.5
DeAndre Jordan,10-16,0.0
Cory Joseph,10-16,0.328
Mfiondu Kabengele,10-16,0.2
Frank Kaminsky,10-16,0.444
Enes Kanter,10-16,0.222
Luke Kennard,10-16,0.475
Louis King,10-16,0.25
Maxi Kleber,10-16,0.467
Nathan Knight,10-16,0.0
Kevin Knox,10-16,0.2
John Konchar,10-16,0.25
Furkan Korkmaz,10-16,0.333
Luke Kornet,10-16,0.0
Rodions Kurucs,10-16,0.0
Kyle Kuzma,10-16,0.292
Anthony Lamb,10-16,0.0
Jeremy Lamb,10-16,0.488
Romeo Langford,10-16,0.0
Zach LaVine,10-16,0.478
Jake Layman,10-16,0.333
T.J. Leaf,10-16,0.0
Jalen Lecque,10-16,0.0
Damion Lee,10-16,0.52
Saben Lee,10-16,0.462
Alex Len,10-16,0.154
Kawhi Leonard,10-16,0.467
Meyers Leonard,10-16,0.0
Caris LeVert,10-16,0.513
Kira Lewis Jr.,10-16,0.2
Damian Lillard,10-16,0.441
Nassir Little,10-16,0.444
Kevon Looney,10-16,0.353
Brook Lopez,10-16,0.488
Robin Lopez,10-16,0.333
Didi Louzada,10-16,0.0
Kevin Love,10-16,0.4
Kyle Lowry,10-16,0.409
Timothé Luwawu-Cabarrot,10-16,0.1
Trey Lyles,10-16,0.3
Will Magnay,10-16,0.0
Thon Maker,10-16,0.0
Théo Maledon,10-16,0.424
Karim Mané,10-16,0.0
Terance Mann,10-16,0.342
Nico Mannion,10-16,0.091
Boban Marjanović,10-16,0.333
Lauri Markkanen,10-16,0.235
Naji Marshall,10-16,0.333
Caleb Martin,10-16,0.333
Cody Martin,10-16,0.214
Jeremiah Martin,10-16,0.0
Kelan Martin,10-16,0.111
Kenyon Martin Jr.,10-16,0.25
Frank Mason III,10-16,0.0
Garrison Mathews,10-16,0.4
Dakota Mathias,10-16,0.6
Wesley Matthews,10-16,0.286
Tyrese Maxey,10-16,0.582
Skylar Mays,10-16,0.4
Patrick McCaw,10-16,0.0
CJ McCollum,10-16,0.5
T.J. McConnell,10-16,0.554
Jaden McDaniels,10-16,0.5
Jalen McDaniels,10-16,0.333
Doug McDermott,10-16,0.417
Sean McDermott,10-16,0.5
JaVale McGee,10-16,0.292
Rodney McGruder,10-16,0.167
Alfonzo McKinnie,10-16,0.5
Jordan McLaughlin,10-16,0.556
Ben McLemore,10-16,0.25
Nicolò Melli,10-16,0.545
De'Anthony Melton,10-16,0.561
Sam Merrill,10-16,0.75
Chimezie Metu,10-16,0.333
Khris Middleton,10-16,0.464
Darius Miller,10-16,1.0
Patty Mills,10-16,0.353
Paul Millsap,10-16,0.375
Shake Milton,10-16,0.479
Donovan Mitchell,10-16,0.451
Adam Mokoka,10-16,0.0
Malik Monk,10-16,0.231
E'Twaun Moore,10-16,0.75
Ja Morant,10-16,0.437
Juwan Morgan,10-16,0.0
Marcus Morris,10-16,0.504
Markieff Morris,10-16,0.444
Monte Morris,10-16,0.543
Mychal Mulder,10-16,0.0
Dejounte Murray,10-16,0.452
Jamal Murray,10-16,0.496
Mike Muscala,10-16,0.818
Sviatoslav Mykhailiuk,10-16,0.5
Abdel Nader,10-16,0.2
Larry Nance Jr.,10-16,0.25
Aaron Nesmith,10-16,0.444
Raul Neto,10-16,0.511
Georges Niang,10-16,0.276
Zeke Nnaji,10-16,0.5
Nerlens Noel,10-16,0.278
Jaylen Nowell,10-16,0.619
Frank Ntilikina,10-16,0.167
Kendrick Nunn,10-16,0.421
James Nunnally,10-16,0.0
Jusuf Nurkić,10-16,0.5
David Nwaba,10-16,0.0
Jordan Nwora,10-16,0.308
Royce O'Neale,10-16,0.5
Semi Ojeleye,10-16,0.25
Jahlil Okafor,10-16,0.333
Chuma Okeke,10-16,0.447
Josh Okogie,10-16,0.0
Onyeka Okongwu,10-16,0.222
Isaac Okoro,10-16,0.077
KZ Okpala,10-16,0.0
Victor Oladipo,10-16,0.306
Cameron Oliver,10-16,0.667
Kelly Olynyk,10-16,0.286
Miye Oni,10-16,0.0
Cedi Osman,10-16,0.4
Daniel Oturu,10-16,0.6
Kelly Oubre Jr.,10-16,0.422
Jabari Parker,10-16,0.333
Eric Paschall,10-16,0.452
Anžejs Pasečņiks,10-16,0.0
Patrick Patterson,10-16,0.571
Justin Patton,10-16,0.667
Chris Paul,10-16,0.516
Cameron Payne,10-16,0.49
Elfrid Payton,10-16,0.293
Gary Payton II,10-16,0.0
Norvel Pelle,10-16,0.0
Reggie Perry,10-16,0.5
Theo Pinson,10-16,1.0
Mason Plumlee,10-16,0.25
Jakob Poeltl,10-16,0.438
Vincent Poirier,10-16,0.333
Aleksej Pokusevski,10-16,0.408
Jordan Poole,10-16,0.436
Jontay Porter,10-16,1.0
Kevin Porter Jr.,10-16,0.4
Michael Porter Jr.,10-16,0.417
Otto Porter,10-16,0.48
Bobby Portis,10-16,0.495
Kristaps Porziņģis,10-16,0.402
Dwight Powell,10-16,0.0
Norman Powell,10-16,0.367
Taurean Prince,10-16,0.382
Payton Pritchard,10-16,0.37
Immanuel Quickley,10-16,0.36
Jahmi'us Ramsey,10-16,0.25
Chasson Randle,10-16,0.167
Julius Randle,10-16,0.434
Cam Reddish,10-16,0.278
J.J. Redick,10-16,0.409
Paul Reed,10-16,0.5
Naz Reid,10-16,0.1
Cameron Reynolds,10-16,0.5
Nick Richards,10-16,0.0
Josh Richardson,10-16,0.495
Grant Riller,10-16,1.0
Austin Rivers,10-16,0.5
Andre Roberson,10-16,0.0
Duncan Robinson,10-16,0.438
Glenn Robinson III,10-16,0.167
Jerome Robinson,10-16,0.235
Justin Robinson,10-16,0.0
Mitchell Robinson,10-16,0.0
Isaiah Roby,10-16,0.409
Rajon Rondo,10-16,0.4
Derrick Rose,10-16,0.51
Terrence Ross,10-16,0.538
Terry Rozier,10-16,0.564
Ricky Rubio,10-16,0.415
D'Angelo Russell,10-16,0.346
Domantas Sabonis,10-16,0.362
Luka Šamanić,10-16,0.0
JaKarr Sampson,10-16,0.667
Dario Šarić,10-16,0.52
Tomáš Satoranský,10-16,0.395
Dennis Schröder,10-16,0.457
Mike Scott,10-16,0.273
Jay Scrubb,10-16,0.333
Collin Sexton,10-16,0.483
Landry Shamet,10-16,0.357
Iman Shumpert,10-16,1.0
Pascal Siakam,10-16,0.425
Chris Silva,10-16,0.5
Ben Simmons,10-16,0.366
Anfernee Simons,10-16,0.412
Deividas Sirvydis,10-16,0.0
Alen Smailagić,10-16,0.0
Marcus Smart,10-16,0.419
Dennis Smith Jr.,10-16,0.4
Ish Smith,10-16,0.391
Jalen Smith,10-16,0.167
Tony Snell,10-16,0.421
Ray Spalding,10-16,0.0
Cassius Stanley,10-16,0.0
Lamar Stevens,10-16,0.394
Isaiah Stewart,10-16,0.556
Max Strus,10-16,0.0
Edmond Sumner,10-16,0.4
Jae'Sean Tate,10-16,0.083
Jayson Tatum,10-16,0.349
Jeff Teague,10-16,0.394
Garrett Temple,10-16,0.393
Tyrell Terry,10-16,0.0
Daniel Theis,10-16,0.5
Brodric Thomas,10-16,0.0
Isaiah Thomas,10-16,0.75
Khyri Thomas,10-16,0.5
Matt Thomas,10-16,0.556
Tristan Thompson,10-16,0.467
Sindarius Thornwell,10-16,0.25
Matisse Thybulle,10-16,0.167
Killian Tillie,10-16,1.0
Xavier Tillman Sr.,10-16,0.574
Anthony Tolliver,10-16,0.0
Obi Toppin,10-16,0.444
Juan Toscano-Anderson,10-16,0.0
Axel Toupane,10-16,0.0
Karl-Anthony Towns,10-16,0.356
Gary Trent Jr.,10-16,0.393
P.J. Tucker,10-16,0.167
Rayjon Tucker,10-16,0.0
Myles Turner,10-16,0.333
Jonas Valančiūnas,10-16,0.508
Denzel Valentine,10-16,0.359
Jarred Vanderbilt,10-16,0.0
Fred VanVleet,10-16,0.433
Anderson Varejão,10-16,0.0
Devin Vassell,10-16,0.431
Gabe Vincent,10-16,0.5
Noah Vonleh,10-16,0.0
Nikola Vučević,10-16,0.466
Dean Wade,10-16,0.5
Moritz Wagner,10-16,0.0
Kemba Walker,10-16,0.475
Lonnie Walker,10-16,0.411
John Wall,10-16,0.385
Brad Wanamaker,10-16,0.316
T.J. Warren,10-16,0.3
P.J. Washington,10-16,0.28
Yuta Watanabe,10-16,0.222
Tremont Waters,10-16,0.429
Paul Watson,10-16,0.0
Quinndary Weatherspoon,10-16,0.5
Russell Westbrook,10-16,0.379
Coby White,10-16,0.456
Derrick White,10-16,0.27
Hassan Whiteside,10-16,0.484
Greg Whittington,10-16,0.0
Andrew Wiggins,10-16,0.404
Grant Williams,10-16,0.231
Kenrich Williams,10-16,0.429
Lou Williams,10-16,0.404
Patrick Williams,10-16,0.443
Robert Williams,10-16,0.643
Zion Williamson,10-16,0.5
D.J. Wilson,10-16,0.429
Dylan Windler,10-16,0.4
Justise Winslow,10-16,0.194
Cassius Winston,10-16,0.75
James Wiseman,10-16,0.243
Christian Wood,10-16,0.455
Robert Woodard,10-16,0.5
Delon Wright,10-16,0.364
Thaddeus Young,10-16,0.414
Trae Young,10-16,0.428
Cody Zeller,10-16,0.556
Ivica Zubac,10-16,0.5
Precious Achiuwa,16-3P,0.167
Jaylen Adams,16-3P,0.0
Steven Adams,16-3P,0.0
Bam Adebayo,16-3P,0.386
LaMarcus Aldridge,16-3P,0.489
Ty-Shon Alexander,16-3P,0.0
Nickeil Alexander-Walker,16-3P,0.459
Grayson Allen,16-3P,0.125
Jarrett Allen,16-3P,0.214
Al-Farouq Aminu,16-3P,0.75
Kyle Anderson,16-3P,0.42
Giannis Antetokounmpo,16-3P,0.324
Kostas Antetokounmpo,16-3P,0.0
Thanasis Antetokounmpo,16-3P,0.5
Carmelo Anthony,16-3P,0.396
Cole Anthony,16-3P,0.391
OG Anunoby,16-3P,0.357
Ryan Arcidiacono,16-3P,0.167
Trevor Ariza,16-3P,0.25
D.J. Augustin,16-3P,0.313
Deni Avdija,16-3P,0.545
Deandre Ayton,16-3P,0.323
Udoka Azubuike,16-3P,0.0
Dwayne Bacon,16-3P,0.338
Marvin Bagley III,16-3P,0.167
LaMelo Ball,16-3P,0.407
Lonzo Ball,16-3P,0.407
Mo Bamba,16-3P,0.409
Desmond Bane,16-3P,0.407
Harrison Barnes,16-3P,0.0
RJ Barrett,16-3P,0.397
Will Barton,16-3P,0.39
Keita Bates-Diop,16-3P,0.0
Nicolas Batum,16-3P,0.4
Aron Baynes,16-3P,0.333
Kent Bazemore,16-3P,0.235
Darius Bazley,16-3P,0.333
Bradley Beal,16-3P,0.452
Malik Beasley,16-3P,0.5
Jordan Bell,16-3P,1.0
DeAndre' Bembry,16-3P,0.0
Dāvis Bertāns,16-3P,0.25
Patrick Beverley,16-3P,0.4
Saddiq Bey,16-3P,0.381
Tyler Bey,16-3P,0.0
Khem Birch,16-3P,0.389
Goga Bitadze,16-3P,0.0
Bismack Biyombo,16-3P,0.0
Nemanja Bjelica,16-3P,0.5
Eric Bledsoe,16-3P,0.439
Keljin Blevins,16-3P,0.0
Bogdan Bogdanović,16-3P,0.55
Bojan Bogdanović,16-3P,0.133
Bol Bol,16-3P,0.286
Marques Bolden,16-3P,0.0
Jordan Bone,16-3P,0.467
Isaac Bonga,16-3P,0.0
Devin Booker,16-3P,0.441
Chris Boucher,16-3P,0.353
Brian Bowen,16-3P,0.0
Avery Bradley,16-3P,0.2
Tony Bradley,16-3P,0.222
Jarrell Brantley,16-3P,0.0
Ignas Brazdeikis,16-3P,0.375
Mikal Bridges,16-3P,0.435
Miles Bridges,16-3P,0.227
Amida Brimah,16-3P,0.0
Oshae Brissett,16-3P,0.0
Malcolm Brogdon,16-3P,0.452
Armoni Brooks,16-3P,0.0
Dillon Brooks,16-3P,0.462
Bruce Brown,16-3P,0.5
Charlie Brown,16-3P,0.4
Jaylen Brown,16-3P,0.49
Moses Brown,16-3P,0.0
Sterling Brown,16-3P,0.182
Troy Brown Jr.,16-3P,0.333
Jalen Brunson,16-3P,0.551
Elijah Bryant,16-3P,1.0
Thomas Bryant,16-3P,0.0
Reggie Bullock,16-3P,0.51
Trey Burke,16-3P,0.48
Alec Burks,16-3P,0.375
Jimmy Butler,16-3P,0.362
Bruno Caboclo,16-3P,0.0
Devontae Cacok,16-3P,0.0
Kentavious Caldwell-Pope,16-3P,0.327
Facundo Campazzo,16-3P,0.167
Vlatko Čančar,16-3P,1.0
Devin Cannady,16-3P,0.75
Clint Capela,16-3P,0.333
Vernon Carey Jr.,16-3P,0.5
Jevon Carter,16-3P,0.519
Wendell Carter Jr.,16-3P,0.324
Michael Carter-Williams,16-3P,0.25
Alex Caruso,16-3P,0.222
Willie Cauley-Stein,16-3P,0.75
Chris Chiozza,16-3P,0.375
Marquese Chriss,16-3P,0.0
Gary Clark,16-3P,0.0
Brandon Clarke,16-3P,0.364
Jordan Clarkson,16-3P,0.111
Nicolas Claxton,16-3P,0.0
Amir Coffey,16-3P,0.25
John Collins,16-3P,0.474
Mike Conley,16-3P,0.385
Pat Connaughton,16-3P,0.143
Quinn Cook,16-3P,0.385
Tyler Cook,16-3P,0.0
DeMarcus Cousins,16-3P,0.375
Robert Covington,16-3P,0.4
Torrey Craig,16-3P,0.2
Jae Crowder,16-3P,0.361
Jarrett Culver,16-3P,0.0
Seth Curry,16-3P,0.446
Stephen Curry,16-3P,0.457
Nate Darling,16-3P,0.0
Anthony Davis,16-3P,0.33
Ed Davis,16-3P,0.0
Terence Davis,16-3P,0.4
Gabriel Deck,16-3P,0.75
Dewayne Dedmon,16-3P,0.333
Matthew Dellavedova,16-3P,0.0
DeMar DeRozan,16-3P,0.482
Mamadi Diakite,16-3P,0.4
Hamidou Diallo,16-3P,0.39
Gorgui Dieng,16-3P,0.25
Spencer Dinwiddie,16-3P,0.0
Donte DiVincenzo,16-3P,0.35
Luka Dončić,16-3P,0.481
Luguentz Dort,16-3P,0.308
Damyean Dotson,16-3P,0.475
Devon Dotson,16-3P,0.5
Sekou Doumbouya,16-3P,0.0
PJ Dozier,16-3P,0.429
Goran Dragić,16-3P,0.37
Andre Drummond,16-3P,0.0
Jared Dudley,16-3P,0.0
Kris Dunn,16-3P,0.0
Kevin Durant,16-3P,0.487
Anthony Edwards,16-3P,0.276
Carsen Edwards,16-3P,0.429
CJ Elleby,16-3P,0.6
Henry Ellenson,16-3P,0.0
Wayne Ellington,16-3P,0.4
Joel Embiid,16-3P,0.504
James Ennis,16-3P,0.5
Drew Eubanks,16-3P,0.667
Dante Exum,16-3P,0.0
Tacko Fall,16-3P,1.0
Derrick Favors,16-3P,0.308
Cristiano Felício,16-3P,0.0
Terrance Ferguson,16-3P,0.0
Bruno Fernando,16-3P,0.0
Yogi Ferrell,16-3P,0.2
Dorian Finney-Smith,16-3P,0.111
Malik Fitts,16-3P,0.0
Malachi Flynn,16-3P,0.242
Bryn Forbes,16-3P,0.507
Trent Forrest,16-3P,1.0
Evan Fournier,16-3P,0.42
De'Aaron Fox,16-3P,0.362
Robert Franks,16-3P,0.0
Tim Frazier,16-3P,0.0
Markelle Fultz,16-3P,0.211
Wenyen Gabriel,16-3P,0.0
Daniel Gafford,16-3P,0.25
Danilo Gallinari,16-3P,0.388
Langston Galloway,16-3P,0.412
Darius Garland,16-3P,0.35
Marc Gasol,16-3P,0.4
Rudy Gay,16-3P,0.367
Paul George,16-3P,0.509
Taj Gibson,16-3P,0.333
Harry Giles,16-3P,0.556
Shai Gilgeous-Alexander,16-3P,0.36
Anthony Gill,16-3P,0.0
Freddie Gillespie,16-3P,0.0
Rudy Gobert,16-3P,0.2
Brandon Goodwin,16-3P,0.273
Aaron Gordon,16-3P,0.303
Eric Gordon,16-3P,0.0
Devonte' Graham,16-3P,0.407
Jerami Grant,16-3P,0.383
Danny Green,16-3P,0.389
Draymond Green,16-3P,0.3
JaMychal Green,16-3P,0.286
Javonte Green,16-3P,0.0
Jeff Green,16-3P,0.286
Josh Green,16-3P,0.375
Blake Griffin,16-3P,0.154
Kyle Guy,16-3P,0.6
Rui Hachimura,16-3P,0.412
Ashton Hagans,16-3P,0.0
Tyrese Haliburton,16-3P,0.463
Donta Hall,16-3P,0.0
Josh Hall,16-3P,0.333
R.J. Hampton,16-3P,0.444
Tim Hardaway Jr.,16-3P,0.4
James Harden,16-3P,0.571
Maurice Harkless,16-3P,0.5
Jared Harper,16-3P,0.0
Montrezl Harrell,16-3P,0.25
Gary Harris,16-3P,0.324
Jalen Harris,16-3P,0.4
Joe Harris,16-3P,0.421
Tobias Harris,16-3P,0.462
Shaquille Harrison,16-3P,0.6
Josh Hart,16-3P,0.412
Isaiah Hartenstein,16-3P,0.0
Udonis Haslem,16-3P,0.0
Jaxson Hayes,16-3P,0.5
Killian Hayes,16-3P,0.182
Gordon Hayward,16-3P,0.429
Juan Hernangómez,16-3P,0.0
Willy Hernangómez,16-3P,0.333
Tyler Herro,16-3P,0.42
Buddy Hield,16-3P,0.355
George Hill,16-3P,0.467
Solomon Hill,16-3P,0.25
Nate Hinton,16-3P,0.556
Jaylen Hoard,16-3P,1.0
Aaron Holiday,16-3P,0.545
Jrue Holiday,16-3P,0.404
Justin Holiday,16-3P,0.516
Rondae Hollis-Jefferson,16-3P,0.0
Richaun Holmes,16-3P,0.4
Rodney Hood,16-3P,0.419
Al Horford,16-3P,0.433
Talen Horton-Tucker,16-3P,0.222
Danuel House,16-3P,0.353
Dwight Howard,16-3P,0.6
Markus Howard,16-3P,0.444
Kevin Huerter,16-3P,0.375
Elijah Hughes,16-3P,0.5
De'Andre Hunter,16-3P,0.593
Chandler Hutchison,16-3P,0.333
Serge Ibaka,16-3P,0.594
Andre Iguodala,16-3P,0.333
Ersan İlyasova,16-3P,0.25
Joe Ingles,16-3P,0.333
Brandon Ingram,16-3P,0.51
Kyrie Irving,16-3P,0.555
Wesley Iwundu,16-3P,0.333
Frank Jackson,16-3P,0.364
Jaren Jackson Jr.,16-3P,0.0
Josh Jackson,16-3P,0.45
Justin Jackson,16-3P,0.5
Reggie Jackson,16-3P,0.488
Justin James,16-3P,0.167
LeBron James,16-3P,0.366
Mike James,16-3P,0.4
DaQuan Jeffries,16-3P,0.667
Ty Jerome,16-3P,0.083
Isaiah Joe,16-3P,0.4
Alize Johnson,16-3P,0.0
Cameron Johnson,16-3P,0.429
James Johnson,16-3P,0.6
Keldon Johnson,16-3P,0.429
Stanley Johnson,16-3P,0.0
Tyler Johnson,16-3P,0.429
Nikola Jokić,16-3P,0.528
Damian Jones,16-3P,0.2
Derrick Jones Jr.,16-3P,0.0
Mason Jones,16-3P,0.333
Tre Jones,16-3P,0.0
Tyus Jones,16-3P,0.316
DeAndre Jordan,16-3P,0.0
Cory Joseph,16-3P,0.469
Mfiondu Kabengele,16-3P,0.0
Frank Kaminsky,16-3P,0.167
Enes Kanter,16-3P,0.25
Luke Kennard,16-3P,0.418
Louis King,16-3P,0.0
Maxi Kleber,16-3P,0.286
Nathan Knight,16-3P,0.0
Kevin Knox,16-3P,0.25
John Konchar,16-3P,1.0
Furkan Korkmaz,16-3P,0.344
Luke Kornet,16-3P,1.0
Rodions Kurucs,16-3P,0.0
Kyle Kuzma,16-3P,0.415
Anthony Lamb,16-3P,0.0
Jeremy Lamb,16-3P,0.231
Romeo Langford,16-3P,0.0
Zach LaVine,16-3P,0.46
Jake Layman,16-3P,0.5
T.J. Leaf,16-3P,0.0
Jalen Lecque,16-3P,0.0
Damion Lee,16-3P,0.5
Saben Lee,16-3P,0.333
Alex Len,16-3P,0.0
Kawhi Leonard,16-3P,0.445
Meyers Leonard,16-3P,0.0
Caris LeVert,16-3P,0.346
Kira Lewis Jr.,16-3P,0.167
Damian Lillard,16-3P,0.437
Nassir Little,16-3P,0.357
Kevon Looney,16-3P,0.364
Brook Lopez,16-3P,0.533
Robin Lopez,16-3P,0.0
Didi Louzada,16-3P,0.0
Kevin Love,16-3P,0.313
Kyle Lowry,16-3P,0.4
Timothé Luwawu-Cabarrot,16-3P,0.455
Trey Lyles,16-3P,0.0
Will Magnay,16-3P,0.0
Thon Maker,16-3P,1.0
Théo Maledon,16-3P,0.379
Karim Mané,16-3P,0.0
Terance Mann,16-3P,0.333
Nico Mannion,16-3P,0.0
Boban Marjanović,16-3P,0.4
Lauri Markkanen,16-3P,0.143
Naji Marshall,16-3P,0.0
Caleb Martin,16-3P,0.419
Cody Martin,16-3P,0.333
Jeremiah Martin,16-3P,0.667
Kelan Martin,16-3P,0.727
Kenyon Martin Jr.,16-3P,0.0
Frank Mason III,16-3P,0.0
Garrison Mathews,16-3P,0.545
Dakota Mathias,16-3P,0.462
Wesley Matthews,16-3P,0.111
Tyrese Maxey,16-3P,0.375
Skylar Mays,16-3P,0.429
Patrick McCaw,16-3P,0.0
CJ McCollum,16-3P,0.509
T.J. McConnell,16-3P,0.524
Jaden McDaniels,16-3P,0.25
Jalen McDaniels,16-3P,0.667
Doug McDermott,16-3P,0.222
Sean McDermott,16-3P,0.0
JaVale McGee,16-3P,0.4
Rodney McGruder,16-3P,0.5
Alfonzo McKinnie,16-3P,0.5
Jordan McLaughlin,16-3P,0.0
Ben McLemore,16-3P,0.308
Nicolò Melli,16-3P,0.4
De'Anthony Melton,16-3P,0.313
Sam Merrill,16-3P,0.6
Chimezie Metu,16-3P,0.5
Khris Middleton,16-3P,0.444
Darius Miller,16-3P,1.0
Patty Mills,16-3P,0.484
Paul Millsap,16-3P,0.0
Shake Milton,16-3P,0.437
Donovan Mitchell,16-3P,0.424
Adam Mokoka,16-3P,0.0
Malik Monk,16-3P,0.45
E'Twaun Moore,16-3P,0.545
Ja Morant,16-3P,0.316
Juwan Morgan,16-3P,0.0
Marcus Morris,16-3P,0.455
Markieff Morris,16-3P,0.318
Monte Morris,16-3P,0.364
Mychal Mulder,16-3P,0.0
Dejounte Murray,16-3P,0.477
Jamal Murray,16-3P,0.396
Mike Muscala,16-3P,0.412
Sviatoslav Mykhailiuk,16-3P,0.538
Abdel Nader,16-3P,0.0
Larry Nance Jr.,16-3P,0.462
Aaron Nesmith,16-3P,0.5
Raul Neto,16-3P,0.278
Georges Niang,16-3P,0.2
Zeke Nnaji,16-3P,0.333
Nerlens Noel,16-3P,0.5
Jaylen Nowell,16-3P,0.417
Frank Ntilikina,16-3P,0.1
Kendrick Nunn,16-3P,0.529
James Nunnally,16-3P,1.0
Jusuf Nurkić,16-3P,0.091
David Nwaba,16-3P,0.0
Jordan Nwora,16-3P,0.5
Royce O'Neale,16-3P,0.0
Semi Ojeleye,16-3P,0.2
Jahlil Okafor,16-3P,0.667
Chuma Okeke,16-3P,0.409
Josh Okogie,16-3P,0.2
Onyeka Okongwu,16-3P,0.25
Isaac Okoro,16-3P,0.273
KZ Okpala,16-3P,0.0
Victor Oladipo,16-3P,0.304
Cameron Oliver,16-3P,0.0
Kelly Olynyk,16-3P,0.467
Miye Oni,16-3P,0.0
Cedi Osman,16-3P,0.333
Daniel Oturu,16-3P,0.25
Kelly Oubre Jr.,16-3P,0.31
Jabari Parker,16-3P,0.444
Eric Paschall,16-3P,0.509
Anžejs Pasečņiks,16-3P,0.0
Patrick Patterson,16-3P,0.333
Justin Patton,16-3P,0.5
Chris Paul,16-3P,0.546
Cameron Payne,16-3P,0.529
Elfrid Payton,16-3P,0.346
Gary Payton II,16-3P,0.0
Norvel Pelle,16-3P,0.0
Reggie Perry,16-3P,0.0
Theo Pinson,16-3P,0.0
Mason Plumlee,16-3P,0.316
Jakob Poeltl,16-3P,0.2
Vincent Poirier,16-3P,0.0
Aleksej Pokusevski,16-3P,0.278
Jordan Poole,16-3P,0.385
Jontay Porter,16-3P,0.5
Kevin Porter Jr.,16-3P,0.393
Michael Porter Jr.,16-3P,0.494
Otto Porter,16-3P,0.375
Bobby Portis,16-3P,0.457
Kristaps Porziņģis,16-3P,0.377
Dwight Powell,16-3P,0.0
Norman Powell,16-3P,0.486
Taurean Prince,16-3P,0.368
Payton Pritchard,16-3P,0.458
Immanuel Quickley,16-3P,0.306
Jahmi'us Ramsey,16-3P,0.0
Chasson Randle,16-3P,0.25
Julius Randle,16-3P,0.414
Cam Reddish,16-3P,0.385
J.J. Redick,16-3P,0.441
Paul Reed,16-3P,0.5
Naz Reid,16-3P,0.0
Cameron Reynolds,16-3P,0.0
Nick Richards,16-3P,0.0
Josh Richardson,16-3P,0.383
Grant Riller,16-3P,0.5
Austin Rivers,16-3P,0.5
Andre Roberson,16-3P,0.0
Duncan Robinson,16-3P,0.2
Glenn Robinson III,16-3P,0.25
Jerome Robinson,16-3P,0.357
Justin Robinson,16-3P,0.0
Mitchell Robinson,16-3P,0.0
Isaiah Roby,16-3P,0.429
Rajon Rondo,16-3P,0.444
Derrick Rose,16-3P,0.489
Terrence Ross,16-3P,0.391
Terry Rozier,16-3P,0.36
Ricky Rubio,16-3P,0.314
D'Angelo Russell,16-3P,0.419
Domantas Sabonis,16-3P,0.327
Luka Šamanić,16-3P,0.667
JaKarr Sampson,16-3P,0.75
Dario Šarić,16-3P,0.25
Tomáš Satoranský,16-3P,0.765
Dennis Schröder,16-3P,0.431
Mike Scott,16-3P,0.273
Jay Scrubb,16-3P,0.429
Collin Sexton,16-3P,0.329
Landry Shamet,16-3P,0.389
Iman Shumpert,16-3P,0.0
Pascal Siakam,16-3P,0.412
Chris Silva,16-3P,0.0
Ben Simmons,16-3P,0.5
Anfernee Simons,16-3P,0.423
Deividas Sirvydis,16-3P,0.0
Alen Smailagić,16-3P,0.0
Marcus Smart,16-3P,0.464
Dennis Smith Jr.,16-3P,0.35
Ish Smith,16-3P,0.412
Jalen Smith,16-3P,0.0
Tony Snell,16-3P,0.25
Ray Spalding,16-3P,0.0
Cassius Stanley,16-3P,0.0
Lamar Stevens,16-3P,0.375
Isaiah Stewart,16-3P,0.429
Max Strus,16-3P,0.0
Edmond Sumner,16-3P,0.0
Jae'Sean Tate,16-3P,0.286
Jayson Tatum,16-3P,0.422
Jeff Teague,16-3P,0.174
Garrett Temple,16-3P,0.367
Tyrell Terry,16-3P,0.0
Daniel Theis,16-3P,0.556
Brodric Thomas,16-3P,0.286
Isaiah Thomas,16-3P,0.25
Khyri Thomas,16-3P,0.333
Matt Thomas,16-3P,0.5
Tristan Thompson,16-3P,0.5
Sindarius Thornwell,16-3P,0.0
Matisse Thybulle,16-3P,0.5
Killian Tillie,16-3P,0.0
Xavier Tillman Sr.,16-3P,0.286
Anthony Tolliver,16-3P,0.0
Obi Toppin,16-3P,0.667
Juan Toscano-Anderson,16-3P,1.0
Axel Toupane,16-3P,0.0
Karl-Anthony Towns,16-3P,0.409
Gary Trent Jr.,16-3P,0.375
P.J. Tucker,16-3P,0.5
Rayjon Tucker,16-3P,0.0
Myles Turner,16-3P,0.25
Jonas Valančiūnas,16-3P,0.556
Denzel Valentine,16-3P,0.417
Jarred Vanderbilt,16-3P,0.0
Fred VanVleet,16-3P,0.386
Anderson Varejão,16-3P,0.5
Devin Vassell,16-3P,0.289
Gabe Vincent,16-3P,0.25
Noah Vonleh,16-3P,0.0
Nikola Vučević,16-3P,0.437
Dean Wade,16-3P,0.375
Moritz Wagner,16-3P,0.5
Kemba Walker,16-3P,0.352
Lonnie Walker,16-3P,0.388
John Wall,16-3P,0.315
Brad Wanamaker,16-3P,0.412
T.J. Warren,16-3P,0.5
P.J. Washington,16-3P,0.235
Yuta Watanabe,16-3P,1.0
Tremont Waters,16-3P,0.167
Paul Watson,16-3P,0.0
Quinndary Weatherspoon,16-3P,0.167
Russell Westbrook,16-3P,0.383
Coby White,16-3P,0.436
Derrick White,16-3P,0.385
Hassan Whiteside,16-3P,0.625
Greg Whittington,16-3P,0.0
Andrew Wiggins,16-3P,0.38
Grant Williams,16-3P,0.4
Kenrich Williams,16-3P,0.412
Lou Williams,16-3P,0.333
Patrick Williams,16-3P,0.411
Robert Williams,16-3P,0.231
Zion Williamson,16-3P,0.0
D.J. Wilson,16-3P,0.385
Dylan Windler,16-3P,0.0
Justise Winslow,16-3P,0.286
Cassius Winston,16-3P,0.167
James Wiseman,16-3P,0.386
Christian Wood,16-3P,0.3
Robert Woodard,16-3P,0.5
Delon Wright,16-3P,0.429
Thaddeus Young,16-3P,0.333
Trae Young,16-3P,0.53
Cody Zeller,16-3P,0.5
Ivica Zubac,16-3P,0.25
Precious Achiuwa,3P,0.0
Jaylen Adams,3P,0.0
Steven Adams,3P,0.0
Bam Adebayo,3P,0.25
LaMarcus Aldridge,3P,0.388
Ty-Shon Alexander,3P,0.222
Nickeil Alexander-Walker,3P,0.347
Grayson Allen,3P,0.391
Jarrett Allen,3P,0.316
Al-Farouq Aminu,3P,0.216
Kyle Anderson,3P,0.36
Giannis Antetokounmpo,3P,0.303
Kostas Antetokounmpo,3P,0.0
Thanasis Antetokounmpo,3P,0.241
Carmelo Anthony,3P,0.409
Cole Anthony,3P,0.337
OG Anunoby,3P,0.398
Ryan Arcidiacono,3P,0.373
Trevor Ariza,3P,0.35
D.J. Augustin,3P,0.382
Deni Avdija,3P,0.315
Deandre Ayton,3P,0.2
Udoka Azubuike,3P,0.0
Dwayne Bacon,3P,0.285
Marvin Bagley III,3P,0.343
LaMelo Ball,3P,0.352
Lonzo Ball,3P,0.378
Mo Bamba,3P,0.322
Desmond Bane,3P,0.432
Harrison Barnes,3P,0.391
RJ Barrett,3P,0.401
Will Barton,3P,0.381
Keita Bates-Diop,3P,0.294
Nicolas Batum,3P,0.404
Aron Baynes,3P,0.262
Kent Bazemore,3P,0.408
Darius Bazley,3P,0.29
Bradley Beal,3P,0.349
Malik Beasley,3P,0.399
Jordan Bell,3P,0.0
DeAndre' Bembry,3P,0.264
Dāvis Bertāns,3P,0.395
Patrick Beverley,3P,0.397
Saddiq Bey,3P,0.38
Tyler Bey,3P,0.25
Khem Birch,3P,0.25
Goga Bitadze,3P,0.253
Bismack Biyombo,3P,0.0
Nemanja Bjelica,3P,0.318
Eric Bledsoe,3P,0.341
Keljin Blevins,3P,0.25
Bogdan Bogdanović,3P,0.438
Bojan Bogdanović,3P,0.39
Bol Bol,3P,0.375
Marques Bolden,3P,0.0
Jordan Bone,3P,0.313
Isaac Bonga,3P,0.277
Devin Booker,3P,0.34
Chris Boucher,3P,0.383
Brian Bowen,3P,0.0
Avery Bradley,3P,0.327
Tony Bradley,3P,0.0
Jarrell Brantley,3P,0.429
Ignas Brazdeikis,3P,0.393
Mikal Bridges,3P,0.425
Miles Bridges,3P,0.4
Amida Brimah,3P,0.0
Oshae Brissett,3P,0.423
Malcolm Brogdon,3P,0.388
Armoni Brooks,3P,0.382
Dillon Brooks,3P,0.344
Bruce Brown,3P,0.288
Charlie Brown,3P,0.238
Jaylen Brown,3P,0.397
Moses Brown,3P,0.0
Sterling Brown,3P,0.423
Troy Brown Jr.,3P,0.314
Jalen Brunson,3P,0.405
Elijah Bryant,3P,0.2
Thomas Bryant,3P,0.429
Reggie Bullock,3P,0.41
Trey Burke,3P,0.354
Alec Burks,3P,0.415
Jimmy Butler,3P,0.245
Bruno Caboclo,3P,0.0
Devontae Cacok,3P,0.0
Kentavious Caldwell-Pope,3P,0.41
Facundo Campazzo,3P,0.352
Vlatko Čančar,3P,0.273
Devin Cannady,3P,0.375
Clint Capela,3P,0.0
Vernon Carey Jr.,3P,0.143
Jevon Carter,3P,0.371
Wendell Carter Jr.,3P,0.294
Michael Carter-Williams,3P,0.246
Alex Caruso,3P,0.401
Willie Cauley-Stein,3P,0.091
Chris Chiozza,3P,0.31
Marquese Chriss,3P,0.2
Gary Clark,3P,0.287
Brandon Clarke,3P,0.26
Jordan Clarkson,3P,0.347
Nicolas Claxton,3P,0.2
Amir Coffey,3P,0.411
John Collins,3P,0.399
Mike Conley,3P,0.412
Pat Connaughton,3P,0.371
Quinn Cook,3P,0.423
Tyler Cook,3P,0.5
DeMarcus Cousins,3P,0.348
Robert Covington,3P,0.379
Torrey Craig,3P,0.368
Jae Crowder,3P,0.389
Jarrett Culver,3P,0.245
Seth Curry,3P,0.45
Stephen Curry,3P,0.421
Nate Darling,3P,0.286
Anthony Davis,3P,0.26
Ed Davis,3P,0.0
Terence Davis,3P,0.367
Gabriel Deck,3P,0.133
Dewayne Dedmon,3P,0.2
Matthew Dellavedova,3P,0.16
DeMar DeRozan,3P,0.257
Mamadi Diakite,3P,0.125
Hamidou Diallo,3P,0.341
Gorgui Dieng,3P,0.429
Spencer Dinwiddie,3P,0.286
Donte DiVincenzo,3P,0.379
Luka Dončić,3P,0.35
Luguentz Dort,3P,0.343
Damyean Dotson,3P,0.289
Devon Dotson,3P,0.143
Sekou Doumbouya,3P,0.226
PJ Dozier,3P,0.315
Goran Dragić,3P,0.373
Andre Drummond,3P,0.0
Jared Dudley,3P,0.333
Kris Dunn,3P,0.0
Kevin Durant,3P,0.45
Anthony Edwards,3P,0.329
Carsen Edwards,3P,0.286
CJ Elleby,3P,0.206
Henry Ellenson,3P,0.222
Wayne Ellington,3P,0.422
Joel Embiid,3P,0.377
James Ennis,3P,0.433
Drew Eubanks,3P,1.0
Dante Exum,3P,0.182
Tacko Fall,3P,0.0
Derrick Favors,3P,0.0
Cristiano Felício,3P,0.0
Terrance Ferguson,3P,0.0
Bruno Fernando,3P,0.0
Yogi Ferrell,3P,0.321
Dorian Finney-Smith,3P,0.394
Malik Fitts,3P,0.5
Malachi Flynn,3P,0.321
Bryn Forbes,3P,0.452
Trent Forrest,3P,0.192
Evan Fournier,3P,0.413
De'Aaron Fox,3P,0.322
Robert Franks,3P,0.333
Tim Frazier,3P,0.0
Markelle Fultz,3P,0.25
Wenyen Gabriel,3P,0.406
Daniel Gafford,3P,0.0
Danilo Gallinari,3P,0.406
Langston Galloway,3P,0.424
Darius Garland,3P,0.395
Marc Gasol,3P,0.41
Rudy Gay,3P,0.381
Paul George,3P,0.411
Taj Gibson,3P,0.2
Harry Giles,3P,0.348
Shai Gilgeous-Alexander,3P,0.418
Anthony Gill,3P,0.292
Freddie Gillespie,3P,0.0
Rudy Gobert,3P,0.0
Brandon Goodwin,3P,0.311
Aaron Gordon,3P,0.335
Eric Gordon,3P,0.329
Devonte' Graham,3P,0.375
Jerami Grant,3P,0.35
Danny Green,3P,0.405
Draymond Green,3P,0.27
JaMychal Green,3P,0.399
Javonte Green,3P,0.333
Jeff Green,3P,0.412
Josh Green,3P,0.16
Blake Griffin,3P,0.341
Kyle Guy,3P,0.283
Rui Hachimura,3P,0.328
Ashton Hagans,3P,0.0
Tyrese Haliburton,3P,0.409
Donta Hall,3P,0.0
Josh Hall,3P,0.108
R.J. Hampton,3P,0.31
Tim Hardaway Jr.,3P,0.391
James Harden,3P,0.362
Maurice Harkless,3P,0.274
Jared Harper,3P,0.0
Montrezl Harrell,3P,0.0
Gary Harris,3P,0.34
Jalen Harris,3P,0.472
Joe Harris,3P,0.475
Tobias Harris,3P,0.394
Shaquille Harrison,3P,0.188
Josh Hart,3P,0.326
Isaiah Hartenstein,3P,0.333
Udonis Haslem,3P,0.0
Jaxson Hayes,3P,0.429
Killian Hayes,3P,0.278
Gordon Hayward,3P,0.415
Juan Hernangómez,3P,0.327
Willy Hernangómez,3P,0.1
Tyler Herro,3P,0.36
Buddy Hield,3P,0.391
George Hill,3P,0.388
Solomon Hill,3P,0.321
Nate Hinton,3P,0.211
Jaylen Hoard,3P,0.0
Aaron Holiday,3P,0.368
Jrue Holiday,3P,0.392
Justin Holiday,3P,0.382
Rondae Hollis-Jefferson,3P,0.0
Richaun Holmes,3P,0.182
Rodney Hood,3P,0.301
Al Horford,3P,0.368
Talen Horton-Tucker,3P,0.282
Danuel House,3P,0.346
Dwight Howard,3P,0.25
Markus Howard,3P,0.277
Kevin Huerter,3P,0.363
Elijah Hughes,3P,0.348
De'Andre Hunter,3P,0.326
Chandler Hutchison,3P,0.364
Serge Ibaka,3P,0.339
Andre Iguodala,3P,0.33
Ersan İlyasova,3P,0.439
Joe Ingles,3P,0.451
Brandon Ingram,3P,0.381
Kyrie Irving,3P,0.402
Wesley Iwundu,3P,0.122
Frank Jackson,3P,0.407
Jaren Jackson Jr.,3P,0.283
Josh Jackson,3P,0.3
Justin Jackson,3P,0.308
Reggie Jackson,3P,0.433
Justin James,3P,0.368
LeBron James,3P,0.365
Mike James,3P,0.355
DaQuan Jeffries,3P,0.299
Ty Jerome,3P,0.423
Isaiah Joe,3P,0.368
Alize Johnson,3P,0.167
Cameron Johnson,3P,0.349
James Johnson,3P,0.258
Keldon Johnson,3P,0.331
Stanley Johnson,3P,0.328
Tyler Johnson,3P,0.364
Nikola Jokić,3P,0.388
Damian Jones,3P,0.2
Derrick Jones Jr.,3P,0.316
Mason Jones,3P,0.364
Tre Jones,3P,0.6
Tyus Jones,3P,0.321
DeAndre Jordan,3P,0.0
Cory Joseph,3P,0.341
Mfiondu Kabengele,3P,0.26
Frank Kaminsky,3P,0.365
Enes Kanter,3P,0.25
Luke Kennard,3P,0.446
Louis King,3P,0.364
Maxi Kleber,3P,0.41
Nathan Knight,3P,0.182
Kevin Knox,3P,0.393
John Konchar,3P,0.375
Furkan Korkmaz,3P,0.375
Luke Kornet,3P,0.254
Rodions Kurucs,3P,0.286
Kyle Kuzma,3P,0.361
Anthony Lamb,3P,0.324
Jeremy Lamb,3P,0.406
Romeo Langford,3P,0.278
Zach LaVine,3P,0.419
Jake Layman,3P,0.295
T.J. Leaf,3P,0.0
Jalen Lecque,3P,0.0
Damion Lee,3P,0.397
Saben Lee,3P,0.348
Alex Len,3P,0.32
Kawhi Leonard,3P,0.398
Meyers Leonard,3P,0.429
Caris LeVert,3P,0.326
Kira Lewis Jr.,3P,0.333
Damian Lillard,3P,0.391
Nassir Little,3P,0.35
Kevon Looney,3P,0.235
Brook Lopez,3P,0.338
Robin Lopez,3P,0.278
Didi Louzada,3P,0.25
Kevin Love,3P,0.365
Kyle Lowry,3P,0.396
Timothé Luwawu-Cabarrot,3P,0.314
Trey Lyles,3P,0.35
Will Magnay,3P,0.0
Thon Maker,3P,0.0
Théo Maledon,3P,0.335
Karim Mané,3P,0.5
Terance Mann,3P,0.418
Nico Mannion,3P,0.367
Boban Marjanović,3P,0.125
Lauri Markkanen,3P,0.402
Naji Marshall,3P,0.349
Caleb Martin,3P,0.248
Cody Martin,3P,0.276
Jeremiah Martin,3P,0.25
Kelan Martin,3P,0.4
Kenyon Martin Jr.,3P,0.365
Frank Mason III,3P,0.4
Garrison Mathews,3P,0.384
Dakota Mathias,3P,0.308
Wesley Matthews,3P,0.335
Tyrese Maxey,3P,0.301
Skylar Mays,3P,0.35
Patrick McCaw,3P,0.0
CJ McCollum,3P,0.402
T.J. McConnell,3P,0.313
Jaden McDaniels,3P,0.364
Jalen McDaniels,3P,0.333
Doug McDermott,3P,0.388
Sean McDermott,3P,0.227
JaVale McGee,3P,0.208
Rodney McGruder,3P,0.458
Alfonzo McKinnie,3P,0.41
Jordan McLaughlin,3P,0.359
Ben McLemore,3P,0.346
Nicolò Melli,3P,0.271
De'Anthony Melton,3P,0.412
Sam Merrill,3P,0.447
Chimezie Metu,3P,0.351
Khris Middleton,3P,0.414
Darius Miller,3P,0.405
Patty Mills,3P,0.375
Paul Millsap,3P,0.343
Shake Milton,3P,0.35
Donovan Mitchell,3P,0.386
Adam Mokoka,3P,0.1
Malik Monk,3P,0.401
E'Twaun Moore,3P,0.314
Ja Morant,3P,0.303
Juwan Morgan,3P,0.308
Marcus Morris,3P,0.473
Markieff Morris,3P,0.311
Monte Morris,3P,0.381
Mychal Mulder,3P,0.397
Dejounte Murray,3P,0.317
Jamal Murray,3P,0.408
Mike Muscala,3P,0.37
Sviatoslav Mykhailiuk,3P,0.334
Abdel Nader,3P,0.419
Larry Nance Jr.,3P,0.36
Aaron Nesmith,3P,0.37
Raul Neto,3P,0.39
Georges Niang,3P,0.425
Zeke Nnaji,3P,0.407
Nerlens Noel,3P,0.0
Jaylen Nowell,3P,0.333
Frank Ntilikina,3P,0.479
Kendrick Nunn,3P,0.381
James Nunnally,3P,0.333
Jusuf Nurkić,3P,0.4
David Nwaba,3P,0.27
Jordan Nwora,3P,0.452
Royce O'Neale,3P,0.385
Semi Ojeleye,3P,0.367
Jahlil Okafor,3P,0.222
Chuma Okeke,3P,0.348
Josh Okogie,3P,0.269
Onyeka Okongwu,3P,0.0
Isaac Okoro,3P,0.29
KZ Okpala,3P,0.24
Victor Oladipo,3P,0.326
Cameron Oliver,3P,0.308
Kelly Olynyk,3P,0.342
Miye Oni,3P,0.341
Cedi Osman,3P,0.306
Daniel Oturu,3P,0.2
Kelly Oubre Jr.,3P,0.316
Jabari Parker,3P,0.182
Eric Paschall,3P,0.333
Anžejs Pasečņiks,3P,0.0
Patrick Patterson,3P,0.357
Justin Patton,3P,0.265
Chris Paul,3P,0.395
Cameron Payne,3P,0.44
Elfrid Payton,3P,0.286
Gary Payton II,3P,0.5
Norvel Pelle,3P,0.0
Reggie Perry,3P,0.19
Theo Pinson,3P,0.0
Mason Plumlee,3P,0.0
Jakob Poeltl,3P,0.0
Vincent Poirier,3P,0.0
Aleksej Pokusevski,3P,0.28
Jordan Poole,3P,0.351
Jontay Porter,3P,0.375
Kevin Porter Jr.,3P,0.311
Michael Porter Jr.,3P,0.445
Otto Porter,3P,0.375
Bobby Portis,3P,0.471
Kristaps Porziņģis,3P,0.376
Dwight Powell,3P,0.238
Norman Powell,3P,0.411
Taurean Prince,3P,0.4
Payton Pritchard,3P,0.411
Immanuel Quickley,3P,0.389
Jahmi'us Ramsey,3P,0.263
Chasson Randle,3P,0.338
Julius Randle,3P,0.411
Cam Reddish,3P,0.262
J.J. Redick,3P,0.371
Paul Reed,3P,0.0
Naz Reid,3P,0.351
Cameron Reynolds,3P,0.25
Nick Richards,3P,0.0
Josh Richardson,3P,0.33
Grant Riller,3P,0.5
Austin Rivers,3P,0.369
Andre Roberson,3P,0.125
Duncan Robinson,3P,0.408
Glenn Robinson III,3P,0.364
Jerome Robinson,3P,0.262
Justin Robinson,3P,0.286
Mitchell Robinson,3P,0.0
Isaiah Roby,3P,0.294
Rajon Rondo,3P,0.404
Derrick Rose,3P,0.388
Terrence Ross,3P,0.337
Terry Rozier,3P,0.389
Ricky Rubio,3P,0.308
D'Angelo Russell,3P,0.387
Domantas Sabonis,3P,0.321
Luka Šamanić,3P,0.279
JaKarr Sampson,3P,0.2
Dario Šarić,3P,0.348
Tomáš Satoranský,3P,0.356
Dennis Schröder,3P,0.335
Mike Scott,3P,0.342
Jay Scrubb,3P,0.222
Collin Sexton,3P,0.371
Landry Shamet,3P,0.387
Iman Shumpert,3P,0.0
Pascal Siakam,3P,0.297
Chris Silva,3P,1.0
Ben Simmons,3P,0.3
Anfernee Simons,3P,0.426
Deividas Sirvydis,3P,0.357
Alen Smailagić,3P,0.4
Marcus Smart,3P,0.33
Dennis Smith Jr.,3P,0.328
Ish Smith,3P,0.367
Jalen Smith,3P,0.235
Tony Snell,3P,0.569
Ray Spalding,3P,0.0
Cassius Stanley,3P,0.231
Lamar Stevens,3P,0.16
Isaiah Stewart,3P,0.333
Max Strus,3P,0.338
Edmond Sumner,3P,0.398
Jae'Sean Tate,3P,0.308
Jayson Tatum,3P,0.386
Jeff Teague,3P,0.439
Garrett Temple,3P,0.335
Tyrell Terry,3P,0.0
Daniel Theis,3P,0.322
Brodric Thomas,3P,0.271
Isaiah Thomas,3P,0.25
Khyri Thomas,3P,0.333
Matt Thomas,3P,0.338
Tristan Thompson,3P,0.0
Sindarius Thornwell,3P,0.304
Matisse Thybulle,3P,0.301
Killian Tillie,3P,0.303
Xavier Tillman Sr.,3P,0.338
Anthony Tolliver,3P,0.286
Obi Toppin,3P,0.306
Juan Toscano-Anderson,3P,0.402
Axel Toupane,3P,0.5
Karl-Anthony Towns,3P,0.387
Gary Trent Jr.,3P,0.385
P.J. Tucker,3P,0.336
Rayjon Tucker,3P,0.286
Myles Turner,3P,0.335
Jonas Valančiūnas,3P,0.368
Denzel Valentine,3P,0.331
Jarred Vanderbilt,3P,0.2
Fred VanVleet,3P,0.366
Anderson Varejão,3P,0.0
Devin Vassell,3P,0.347
Gabe Vincent,3P,0.309
Noah Vonleh,3P,0.0
Nikola Vučević,3P,0.4
Dean Wade,3P,0.366
Moritz Wagner,3P,0.341
Kemba Walker,3P,0.36
Lonnie Walker,3P,0.355
John Wall,3P,0.317
Brad Wanamaker,3P,0.188
T.J. Warren,3P,0.0
P.J. Washington,3P,0.386
Yuta Watanabe,3P,0.4
Tremont Waters,3P,0.395
Paul Watson,3P,0.469
Quinndary Weatherspoon,3P,0.167
Russell Westbrook,3P,0.315
Coby White,3P,0.359
Derrick White,3P,0.346
Hassan Whiteside,3P,0.0
Greg Whittington,3P,0.0
Andrew Wiggins,3P,0.38
Grant Williams,3P,0.372
Kenrich Williams,3P,0.444
Lou Williams,3P,0.399
Patrick Williams,3P,0.391
Robert Williams,3P,0.0
Zion Williamson,3P,0.294
D.J. Wilson,3P,0.345
Dylan Windler,3P,0.338
Justise Winslow,3P,0.185
Cassius Winston,3P,0.471
James Wiseman,3P,0.316
Christian Wood,3P,0.374
Robert Woodard,3P,0.167
Delon Wright,3P,0.372
Thaddeus Young,3P,0.267
Trae Young,3P,0.343
Cody Zeller,3P,0.143
Ivica Zubac,3P,0.25
