Name,Shot Distance,% of FG taken
Precious Achiuwa,2PA,0.996
Jaylen Adams,2PA,0.75
Steven Adams,2PA,0.99
Bam Adebayo,2PA,0.99
LaMarcus Aldridge,2PA,0.73
Ty-Shon Alexander,2PA,0.25
Nickeil Alexander-Walker,2PA,0.522
Grayson Allen,2PA,0.338
Jarrett Allen,2PA,0.961
Al-Farouq Aminu,2PA,0.626
Kyle Anderson,2PA,0.603
Giannis Antetokounmpo,2PA,0.799
Kostas Antetokounmpo,2PA,1.0
Thanasis Antetokounmpo,2PA,0.788
Carmelo Anthony,2PA,0.582
Cole Anthony,2PA,0.688
OG Anunoby,2PA,0.497
Ryan Arcidiacono,2PA,0.427
Trevor Ariza,2PA,0.407
D.J. Augustin,2PA,0.367
Deni Avdija,2PA,0.462
Deandre Ayton,2PA,0.971
Udoka Azubuike,2PA,1.0
Dwayne Bacon,2PA,0.715
Marvin Bagley III,2PA,0.78
LaMelo Ball,2PA,0.612
Lonzo Ball,2PA,0.35
Mo Bamba,2PA,0.608
Desmond Bane,2PA,0.457
Harrison Barnes,2PA,0.601
RJ Barrett,2PA,0.708
Will Barton,2PA,0.577
Keita Bates-Diop,2PA,0.746
Nicolas Batum,2PA,0.34
Aron Baynes,2PA,0.661
Kent Bazemore,2PA,0.531
Darius Bazley,2PA,0.586
Bradley Beal,2PA,0.73
Malik Beasley,2PA,0.465
Jordan Bell,2PA,0.909
DeAndre' Bembry,2PA,0.768
Dāvis Bertāns,2PA,0.105
Patrick Beverley,2PA,0.359
Saddiq Bey,2PA,0.334
Tyler Bey,2PA,0.818
Khem Birch,2PA,0.863
Goga Bitadze,2PA,0.593
Bismack Biyombo,2PA,0.996
Nemanja Bjelica,2PA,0.566
Eric Bledsoe,2PA,0.514
Keljin Blevins,2PA,0.6
Bogdan Bogdanović,2PA,0.411
Bojan Bogdanović,2PA,0.502
Bol Bol,2PA,0.586
Marques Bolden,2PA,1.0
Jordan Bone,2PA,0.407
Isaac Bonga,2PA,0.42
Devin Booker,2PA,0.712
Chris Boucher,2PA,0.58
Brian Bowen,2PA,0.75
Avery Bradley,2PA,0.409
Tony Bradley,2PA,0.985
Jarrell Brantley,2PA,0.462
Ignas Brazdeikis,2PA,0.663
Mikal Bridges,2PA,0.529
Miles Bridges,2PA,0.534
Amida Brimah,2PA,1.0
Oshae Brissett,2PA,0.483
Malcolm Brogdon,2PA,0.618
Armoni Brooks,2PA,0.182
Dillon Brooks,2PA,0.639
Bruce Brown,2PA,0.861
Charlie Brown,2PA,0.512
Jaylen Brown,2PA,0.63
Moses Brown,2PA,1.0
Sterling Brown,2PA,0.358
Troy Brown Jr.,2PA,0.514
Jalen Brunson,2PA,0.681
Elijah Bryant,2PA,0.615
Thomas Bryant,2PA,0.769
Reggie Bullock,2PA,0.291
Trey Burke,2PA,0.535
Alec Burks,2PA,0.508
Jimmy Butler,2PA,0.861
Bruno Caboclo,2PA,0.706
Devontae Cacok,2PA,1.0
Kentavious Caldwell-Pope,2PA,0.421
Facundo Campazzo,2PA,0.314
Vlatko Čančar,2PA,0.542
Devin Cannady,2PA,0.429
Clint Capela,2PA,1.0
Vernon Carey Jr.,2PA,0.806
Jevon Carter,2PA,0.323
Wendell Carter Jr.,2PA,0.888
Michael Carter-Williams,2PA,0.774
Alex Caruso,2PA,0.551
Willie Cauley-Stein,2PA,0.94
Chris Chiozza,2PA,0.523
Marquese Chriss,2PA,0.643
Gary Clark,2PA,0.182
Brandon Clarke,2PA,0.844
Jordan Clarkson,2PA,0.443
Nicolas Claxton,2PA,0.966
Amir Coffey,2PA,0.456
John Collins,2PA,0.73
Mike Conley,2PA,0.477
Pat Connaughton,2PA,0.297
Quinn Cook,2PA,0.618
Tyler Cook,2PA,0.981
DeMarcus Cousins,2PA,0.557
Robert Covington,2PA,0.301
Torrey Craig,2PA,0.533
Jae Crowder,2PA,0.228
Jarrett Culver,2PA,0.685
Seth Curry,2PA,0.493
Stephen Curry,2PA,0.413
Nate Darling,2PA,0.0
Anthony Davis,2PA,0.837
Ed Davis,2PA,1.0
Terence Davis,2PA,0.414
Gabriel Deck,2PA,0.776
Dewayne Dedmon,2PA,0.923
Matthew Dellavedova,2PA,0.554
DeMar DeRozan,2PA,0.92
Mamadi Diakite,2PA,0.8
Hamidou Diallo,2PA,0.826
Gorgui Dieng,2PA,0.571
Spencer Dinwiddie,2PA,0.563
Donte DiVincenzo,2PA,0.426
Luka Dončić,2PA,0.594
Luguentz Dort,2PA,0.485
Damyean Dotson,2PA,0.457
Devon Dotson,2PA,0.667
Sekou Doumbouya,2PA,0.592
PJ Dozier,2PA,0.58
Goran Dragić,2PA,0.56
Andre Drummond,2PA,0.986
Jared Dudley,2PA,0.333
Kris Dunn,2PA,0.833
Kevin Durant,2PA,0.687
Anthony Edwards,2PA,0.571
Carsen Edwards,2PA,0.432
CJ Elleby,2PA,0.485
Henry Ellenson,2PA,0.357
Wayne Ellington,2PA,0.186
Joel Embiid,2PA,0.829
James Ennis,2PA,0.572
Drew Eubanks,2PA,0.99
Dante Exum,2PA,0.577
Tacko Fall,2PA,1.0
Derrick Favors,2PA,0.992
Cristiano Felício,2PA,0.846
Terrance Ferguson,2PA,0.286
Bruno Fernando,2PA,0.955
Yogi Ferrell,2PA,0.509
Dorian Finney-Smith,2PA,0.352
Malik Fitts,2PA,0.333
Malachi Flynn,2PA,0.506
Bryn Forbes,2PA,0.355
Trent Forrest,2PA,0.634
Evan Fournier,2PA,0.477
De'Aaron Fox,2PA,0.712
Robert Franks,2PA,0.464
Tim Frazier,2PA,0.6
Markelle Fultz,2PA,0.846
Wenyen Gabriel,2PA,0.467
Daniel Gafford,2PA,1.0
Danilo Gallinari,2PA,0.465
Langston Galloway,2PA,0.422
Darius Garland,2PA,0.668
Marc Gasol,2PA,0.371
Rudy Gay,2PA,0.557
Paul George,2PA,0.563
Taj Gibson,2PA,0.905
Harry Giles,2PA,0.763
Shai Gilgeous-Alexander,2PA,0.699
Anthony Gill,2PA,0.6
Freddie Gillespie,2PA,1.0
Rudy Gobert,2PA,0.993
Brandon Goodwin,2PA,0.538
Aaron Gordon,2PA,0.647
Eric Gordon,2PA,0.428
Devonte' Graham,2PA,0.287
Jerami Grant,2PA,0.647
Danny Green,2PA,0.206
Draymond Green,2PA,0.668
JaMychal Green,2PA,0.471
Javonte Green,2PA,0.706
Jeff Green,2PA,0.528
Josh Green,2PA,0.731
Blake Griffin,2PA,0.501
Kyle Guy,2PA,0.477
Rui Hachimura,2PA,0.789
Ashton Hagans,2PA,0.0
Tyrese Haliburton,2PA,0.522
Donta Hall,2PA,1.0
Josh Hall,2PA,0.626
R.J. Hampton,2PA,0.722
Tim Hardaway Jr.,2PA,0.419
James Harden,2PA,0.545
Maurice Harkless,2PA,0.491
Jared Harper,2PA,0.75
Montrezl Harrell,2PA,0.983
Gary Harris,2PA,0.591
Jalen Harris,2PA,0.5
Joe Harris,2PA,0.372
Tobias Harris,2PA,0.775
Shaquille Harrison,2PA,0.795
Josh Hart,2PA,0.439
Isaiah Hartenstein,2PA,0.965
Udonis Haslem,2PA,1.0
Jaxson Hayes,2PA,0.95
Killian Hayes,2PA,0.642
Gordon Hayward,2PA,0.688
Juan Hernangómez,2PA,0.438
Willy Hernangómez,2PA,0.963
Tyler Herro,2PA,0.575
Buddy Hield,2PA,0.273
George Hill,2PA,0.594
Solomon Hill,2PA,0.289
Nate Hinton,2PA,0.548
Jaylen Hoard,2PA,0.875
Aaron Holiday,2PA,0.583
Jrue Holiday,2PA,0.656
Justin Holiday,2PA,0.275
Rondae Hollis-Jefferson,2PA,0.944
Richaun Holmes,2PA,0.981
Rodney Hood,2PA,0.565
Al Horford,2PA,0.578
Talen Horton-Tucker,2PA,0.732
Danuel House,2PA,0.426
Dwight Howard,2PA,0.934
Markus Howard,2PA,0.387
Kevin Huerter,2PA,0.472
Elijah Hughes,2PA,0.233
De'Andre Hunter,2PA,0.617
Chandler Hutchison,2PA,0.786
Serge Ibaka,2PA,0.685
Andre Iguodala,2PA,0.266
Ersan İlyasova,2PA,0.241
Joe Ingles,2PA,0.278
Brandon Ingram,2PA,0.659
Kyrie Irving,2PA,0.652
Wesley Iwundu,2PA,0.598
Frank Jackson,2PA,0.488
Jaren Jackson Jr.,2PA,0.52
Josh Jackson,2PA,0.636
Justin Jackson,2PA,0.471
Reggie Jackson,2PA,0.518
Justin James,2PA,0.658
LeBron James,2PA,0.654
Mike James,2PA,0.663
DaQuan Jeffries,2PA,0.442
Ty Jerome,2PA,0.415
Isaiah Joe,2PA,0.203
Alize Johnson,2PA,0.912
Cameron Johnson,2PA,0.306
James Johnson,2PA,0.633
Keldon Johnson,2PA,0.743
Stanley Johnson,2PA,0.412
Tyler Johnson,2PA,0.279
Nikola Jokić,2PA,0.817
Damian Jones,2PA,0.951
Derrick Jones Jr.,2PA,0.553
Mason Jones,2PA,0.463
Tre Jones,2PA,0.936
Tyus Jones,2PA,0.661
DeAndre Jordan,2PA,0.996
Cory Joseph,2PA,0.69
Mfiondu Kabengele,2PA,0.438
Frank Kaminsky,2PA,0.669
Enes Kanter,2PA,0.993
Luke Kennard,2PA,0.459
Louis King,2PA,0.676
Maxi Kleber,2PA,0.229
Nathan Knight,2PA,0.67
Kevin Knox,2PA,0.378
John Konchar,2PA,0.594
Furkan Korkmaz,2PA,0.366
Luke Kornet,2PA,0.416
Rodions Kurucs,2PA,0.344
Kyle Kuzma,2PA,0.498
Anthony Lamb,2PA,0.398
Jeremy Lamb,2PA,0.536
Romeo Langford,2PA,0.695
Zach LaVine,2PA,0.575
Jake Layman,2PA,0.576
T.J. Leaf,2PA,1.0
Jalen Lecque,2PA,0.889
Damion Lee,2PA,0.292
Saben Lee,2PA,0.89
Alex Len,2PA,0.91
Kawhi Leonard,2PA,0.72
Meyers Leonard,2PA,0.0
Caris LeVert,2PA,0.683
Kira Lewis Jr.,2PA,0.644
Damian Lillard,2PA,0.472
Nassir Little,2PA,0.521
Kevon Looney,2PA,0.914
Brook Lopez,2PA,0.561
Robin Lopez,2PA,0.958
Didi Louzada,2PA,0.385
Kevin Love,2PA,0.381
Kyle Lowry,2PA,0.445
Timothé Luwawu-Cabarrot,2PA,0.329
Trey Lyles,2PA,0.556
Will Magnay,2PA,0.0
Thon Maker,2PA,0.889
Théo Maledon,2PA,0.49
Karim Mané,2PA,0.846
Terance Mann,2PA,0.74
Nico Mannion,2PA,0.474
Boban Marjanović,2PA,0.934
Lauri Markkanen,2PA,0.432
Naji Marshall,2PA,0.603
Caleb Martin,2PA,0.512
Cody Martin,2PA,0.691
Jeremiah Martin,2PA,0.636
Kelan Martin,2PA,0.565
Kenyon Martin Jr.,2PA,0.698
Frank Mason III,2PA,0.792
Garrison Mathews,2PA,0.165
Dakota Mathias,2PA,0.458
Wesley Matthews,2PA,0.218
Tyrese Maxey,2PA,0.76
Skylar Mays,2PA,0.592
Patrick McCaw,2PA,1.0
CJ McCollum,2PA,0.525
T.J. McConnell,2PA,0.902
Jaden McDaniels,2PA,0.46
Jalen McDaniels,2PA,0.63
Doug McDermott,2PA,0.57
Sean McDermott,2PA,0.333
JaVale McGee,2PA,0.915
Rodney McGruder,2PA,0.657
Alfonzo McKinnie,2PA,0.581
Jordan McLaughlin,2PA,0.62
Ben McLemore,2PA,0.233
Nicolò Melli,2PA,0.397
De'Anthony Melton,2PA,0.463
Sam Merrill,2PA,0.347
Chimezie Metu,2PA,0.793
Khris Middleton,2PA,0.66
Darius Miller,2PA,0.125
Patty Mills,2PA,0.298
Paul Millsap,2PA,0.643
Shake Milton,2PA,0.696
Donovan Mitchell,2PA,0.577
Adam Mokoka,2PA,0.474
Malik Monk,2PA,0.469
E'Twaun Moore,2PA,0.711
Ja Morant,2PA,0.748
Juwan Morgan,2PA,0.567
Marcus Morris,2PA,0.493
Markieff Morris,2PA,0.447
Monte Morris,2PA,0.654
Mychal Mulder,2PA,0.192
Dejounte Murray,2PA,0.796
Jamal Murray,2PA,0.601
Mike Muscala,2PA,0.311
Sviatoslav Mykhailiuk,2PA,0.379
Abdel Nader,2PA,0.629
Larry Nance Jr.,2PA,0.581
Aaron Nesmith,2PA,0.393
Raul Neto,2PA,0.633
Georges Niang,2PA,0.279
Zeke Nnaji,2PA,0.433
Nerlens Noel,2PA,0.987
Jaylen Nowell,2PA,0.552
Frank Ntilikina,2PA,0.392
Kendrick Nunn,2PA,0.514
James Nunnally,2PA,0.077
Jusuf Nurkić,2PA,0.91
David Nwaba,2PA,0.711
Jordan Nwora,2PA,0.541
Royce O'Neale,2PA,0.294
Semi Ojeleye,2PA,0.285
Jahlil Okafor,2PA,0.912
Chuma Okeke,2PA,0.565
Josh Okogie,2PA,0.575
Onyeka Okongwu,2PA,0.98
Isaac Okoro,2PA,0.617
KZ Okpala,2PA,0.479
Victor Oladipo,2PA,0.585
Cameron Oliver,2PA,0.606
Kelly Olynyk,2PA,0.472
Miye Oni,2PA,0.111
Cedi Osman,2PA,0.447
Daniel Oturu,2PA,0.904
Kelly Oubre Jr.,2PA,0.606
Jabari Parker,2PA,0.8
Eric Paschall,2PA,0.819
Anžejs Pasečņiks,2PA,0.0
Patrick Patterson,2PA,0.321
Justin Patton,2PA,0.514
Chris Paul,2PA,0.706
Cameron Payne,2PA,0.58
Elfrid Payton,2PA,0.842
Gary Payton II,2PA,0.692
Norvel Pelle,2PA,1.0
Reggie Perry,2PA,0.731
Theo Pinson,2PA,0.111
Mason Plumlee,2PA,0.982
Jakob Poeltl,2PA,1.0
Vincent Poirier,2PA,0.917
Aleksej Pokusevski,2PA,0.493
Jordan Poole,2PA,0.418
Jontay Porter,2PA,0.467
Kevin Porter Jr.,2PA,0.561
Michael Porter Jr.,2PA,0.532
Otto Porter,2PA,0.542
Bobby Portis,2PA,0.737
Kristaps Porziņģis,2PA,0.622
Dwight Powell,2PA,0.892
Norman Powell,2PA,0.547
Taurean Prince,2PA,0.526
Payton Pritchard,2PA,0.407
Immanuel Quickley,2PA,0.478
Jahmi'us Ramsey,2PA,0.5
Chasson Randle,2PA,0.451
Julius Randle,2PA,0.706
Cam Reddish,2PA,0.521
J.J. Redick,2PA,0.333
Paul Reed,2PA,0.923
Naz Reid,2PA,0.701
Cameron Reynolds,2PA,0.333
Nick Richards,2PA,0.889
Josh Richardson,2PA,0.568
Grant Riller,2PA,0.667
Austin Rivers,2PA,0.392
Andre Roberson,2PA,0.429
Duncan Robinson,2PA,0.145
Glenn Robinson III,2PA,0.556
Jerome Robinson,2PA,0.558
Justin Robinson,2PA,0.333
Mitchell Robinson,2PA,1.0
Isaiah Roby,2PA,0.746
Rajon Rondo,2PA,0.586
Derrick Rose,2PA,0.789
Terrence Ross,2PA,0.571
Terry Rozier,2PA,0.496
Ricky Rubio,2PA,0.57
D'Angelo Russell,2PA,0.525
Domantas Sabonis,2PA,0.821
Luka Šamanić,2PA,0.59
JaKarr Sampson,2PA,0.867
Dario Šarić,2PA,0.605
Tomáš Satoranský,2PA,0.641
Dennis Schröder,2PA,0.721
Mike Scott,2PA,0.265
Jay Scrubb,2PA,0.75
Collin Sexton,2PA,0.761
Landry Shamet,2PA,0.27
Iman Shumpert,2PA,0.25
Pascal Siakam,2PA,0.744
Chris Silva,2PA,0.938
Ben Simmons,2PA,0.983
Anfernee Simons,2PA,0.297
Deividas Sirvydis,2PA,0.3
Alen Smailagić,2PA,0.63
Marcus Smart,2PA,0.447
Dennis Smith Jr.,2PA,0.6
Ish Smith,2PA,0.835
Jalen Smith,2PA,0.66
Tony Snell,2PA,0.363
Ray Spalding,2PA,0.75
Cassius Stanley,2PA,0.698
Lamar Stevens,2PA,0.816
Isaiah Stewart,2PA,0.846
Max Strus,2PA,0.209
Edmond Sumner,2PA,0.688
Jae'Sean Tate,2PA,0.688
Jayson Tatum,2PA,0.632
Jeff Teague,2PA,0.711
Garrett Temple,2PA,0.475
Tyrell Terry,2PA,0.563
Daniel Theis,2PA,0.674
Brodric Thomas,2PA,0.454
Isaiah Thomas,2PA,0.556
Khyri Thomas,2PA,0.591
Matt Thomas,2PA,0.37
Tristan Thompson,2PA,0.991
Sindarius Thornwell,2PA,0.5
Matisse Thybulle,2PA,0.412
Killian Tillie,2PA,0.421
Xavier Tillman Sr.,2PA,0.783
Anthony Tolliver,2PA,0.176
Obi Toppin,2PA,0.593
Juan Toscano-Anderson,2PA,0.56
Axel Toupane,2PA,0.818
Karl-Anthony Towns,2PA,0.64
Gary Trent Jr.,2PA,0.454
P.J. Tucker,2PA,0.328
Rayjon Tucker,2PA,0.611
Myles Turner,2PA,0.523
Jonas Valančiūnas,2PA,0.923
Denzel Valentine,2PA,0.418
Jarred Vanderbilt,2PA,0.979
Fred VanVleet,2PA,0.453
Anderson Varejão,2PA,0.938
Devin Vassell,2PA,0.505
Gabe Vincent,2PA,0.361
Noah Vonleh,2PA,0.333
Nikola Vučević,2PA,0.685
Dean Wade,2PA,0.315
Moritz Wagner,2PA,0.603
Kemba Walker,2PA,0.478
Lonnie Walker,2PA,0.537
John Wall,2PA,0.657
Brad Wanamaker,2PA,0.716
T.J. Warren,2PA,0.863
P.J. Washington,2PA,0.577
Yuta Watanabe,2PA,0.5
Tremont Waters,2PA,0.548
Paul Watson,2PA,0.22
Quinndary Weatherspoon,2PA,0.829
Russell Westbrook,2PA,0.779
Coby White,2PA,0.497
Derrick White,2PA,0.464
Hassan Whiteside,2PA,0.996
Greg Whittington,2PA,0.333
Andrew Wiggins,2PA,0.652
Grant Williams,2PA,0.478
Kenrich Williams,2PA,0.715
Lou Williams,2PA,0.732
Patrick Williams,2PA,0.739
Robert Williams,2PA,0.992
Zion Williamson,2PA,0.967
D.J. Wilson,2PA,0.482
Dylan Windler,2PA,0.408
Justise Winslow,2PA,0.743
Cassius Winston,2PA,0.485
James Wiseman,2PA,0.897
Christian Wood,2PA,0.678
Robert Woodard,2PA,0.7
Delon Wright,2PA,0.668
Thaddeus Young,2PA,0.932
Trae Young,2PA,0.643
Cody Zeller,2PA,0.914
Ivica Zubac,2PA,0.99
Precious Achiuwa,0-3A,0.667
Jaylen Adams,0-3A,0.25
Steven Adams,0-3A,0.646
Bam Adebayo,0-3A,0.353
LaMarcus Aldridge,0-3A,0.152
Ty-Shon Alexander,0-3A,0.083
Nickeil Alexander-Walker,0-3A,0.236
Grayson Allen,0-3A,0.123
Jarrett Allen,0-3A,0.6
Al-Farouq Aminu,0-3A,0.273
Kyle Anderson,0-3A,0.158
Giannis Antetokounmpo,0-3A,0.451
Kostas Antetokounmpo,0-3A,0.4
Thanasis Antetokounmpo,0-3A,0.62
Carmelo Anthony,0-3A,0.062
Cole Anthony,0-3A,0.185
OG Anunoby,0-3A,0.256
Ryan Arcidiacono,0-3A,0.154
Trevor Ariza,0-3A,0.286
D.J. Augustin,0-3A,0.146
Deni Avdija,0-3A,0.144
Deandre Ayton,0-3A,0.53
Udoka Azubuike,0-3A,0.778
Dwayne Bacon,0-3A,0.236
Marvin Bagley III,0-3A,0.373
LaMelo Ball,0-3A,0.302
Lonzo Ball,0-3A,0.153
Mo Bamba,0-3A,0.306
Desmond Bane,0-3A,0.176
Harrison Barnes,0-3A,0.307
RJ Barrett,0-3A,0.325
Will Barton,0-3A,0.227
Keita Bates-Diop,0-3A,0.388
Nicolas Batum,0-3A,0.177
Aron Baynes,0-3A,0.385
Kent Bazemore,0-3A,0.214
Darius Bazley,0-3A,0.306
Bradley Beal,0-3A,0.177
Malik Beasley,0-3A,0.192
Jordan Bell,0-3A,0.545
DeAndre' Bembry,0-3A,0.377
Dāvis Bertāns,0-3A,0.036
Patrick Beverley,0-3A,0.173
Saddiq Bey,0-3A,0.158
Tyler Bey,0-3A,0.364
Khem Birch,0-3A,0.342
Goga Bitadze,0-3A,0.34
Bismack Biyombo,0-3A,0.698
Nemanja Bjelica,0-3A,0.311
Eric Bledsoe,0-3A,0.159
Keljin Blevins,0-3A,0.2
Bogdan Bogdanović,0-3A,0.11
Bojan Bogdanović,0-3A,0.181
Bol Bol,0-3A,0.172
Marques Bolden,0-3A,0.333
Jordan Bone,0-3A,0.019
Isaac Bonga,0-3A,0.16
Devin Booker,0-3A,0.179
Chris Boucher,0-3A,0.382
Brian Bowen,0-3A,0.0
Avery Bradley,0-3A,0.158
Tony Bradley,0-3A,0.569
Jarrell Brantley,0-3A,0.212
Ignas Brazdeikis,0-3A,0.289
Mikal Bridges,0-3A,0.278
Miles Bridges,0-3A,0.338
Amida Brimah,0-3A,0.625
Oshae Brissett,0-3A,0.325
Malcolm Brogdon,0-3A,0.309
Armoni Brooks,0-3A,0.099
Dillon Brooks,0-3A,0.155
Bruce Brown,0-3A,0.513
Charlie Brown,0-3A,0.116
Jaylen Brown,0-3A,0.195
Moses Brown,0-3A,0.772
Sterling Brown,0-3A,0.206
Troy Brown Jr.,0-3A,0.174
Jalen Brunson,0-3A,0.214
Elijah Bryant,0-3A,0.385
Thomas Bryant,0-3A,0.374
Reggie Bullock,0-3A,0.087
Trey Burke,0-3A,0.159
Alec Burks,0-3A,0.146
Jimmy Butler,0-3A,0.327
Bruno Caboclo,0-3A,0.353
Devontae Cacok,0-3A,0.586
Kentavious Caldwell-Pope,0-3A,0.204
Facundo Campazzo,0-3A,0.105
Vlatko Čančar,0-3A,0.319
Devin Cannady,0-3A,0.036
Clint Capela,0-3A,0.709
Vernon Carey Jr.,0-3A,0.361
Jevon Carter,0-3A,0.076
Wendell Carter Jr.,0-3A,0.4
Michael Carter-Williams,0-3A,0.304
Alex Caruso,0-3A,0.246
Willie Cauley-Stein,0-3A,0.791
Chris Chiozza,0-3A,0.193
Marquese Chriss,0-3A,0.5
Gary Clark,0-3A,0.061
Brandon Clarke,0-3A,0.412
Jordan Clarkson,0-3A,0.09
Nicolas Claxton,0-3A,0.697
Amir Coffey,0-3A,0.214
John Collins,0-3A,0.345
Mike Conley,0-3A,0.109
Pat Connaughton,0-3A,0.204
Quinn Cook,0-3A,0.235
Tyler Cook,0-3A,0.641
DeMarcus Cousins,0-3A,0.348
Robert Covington,0-3A,0.181
Torrey Craig,0-3A,0.304
Jae Crowder,0-3A,0.075
Jarrett Culver,0-3A,0.405
Seth Curry,0-3A,0.083
Stephen Curry,0-3A,0.148
Nate Darling,0-3A,0.0
Anthony Davis,0-3A,0.243
Ed Davis,0-3A,0.727
Terence Davis,0-3A,0.235
Gabriel Deck,0-3A,0.284
Dewayne Dedmon,0-3A,0.615
Matthew Dellavedova,0-3A,0.161
DeMar DeRozan,0-3A,0.191
Mamadi Diakite,0-3A,0.375
Hamidou Diallo,0-3A,0.368
Gorgui Dieng,0-3A,0.252
Spencer Dinwiddie,0-3A,0.313
Donte DiVincenzo,0-3A,0.257
Luka Dončić,0-3A,0.18
Luguentz Dort,0-3A,0.233
Damyean Dotson,0-3A,0.174
Devon Dotson,0-3A,0.429
Sekou Doumbouya,0-3A,0.376
PJ Dozier,0-3A,0.239
Goran Dragić,0-3A,0.205
Andre Drummond,0-3A,0.589
Jared Dudley,0-3A,0.0
Kris Dunn,0-3A,0.167
Kevin Durant,0-3A,0.149
Anthony Edwards,0-3A,0.306
Carsen Edwards,0-3A,0.216
CJ Elleby,0-3A,0.242
Henry Ellenson,0-3A,0.357
Wayne Ellington,0-3A,0.074
Joel Embiid,0-3A,0.219
James Ennis,0-3A,0.251
Drew Eubanks,0-3A,0.527
Dante Exum,0-3A,0.269
Tacko Fall,0-3A,0.621
Derrick Favors,0-3A,0.547
Cristiano Felício,0-3A,0.692
Terrance Ferguson,0-3A,0.143
Bruno Fernando,0-3A,0.659
Yogi Ferrell,0-3A,0.105
Dorian Finney-Smith,0-3A,0.234
Malik Fitts,0-3A,0.333
Malachi Flynn,0-3A,0.126
Bryn Forbes,0-3A,0.045
Trent Forrest,0-3A,0.211
Evan Fournier,0-3A,0.137
De'Aaron Fox,0-3A,0.233
Robert Franks,0-3A,0.214
Tim Frazier,0-3A,0.1
Markelle Fultz,0-3A,0.163
Wenyen Gabriel,0-3A,0.35
Daniel Gafford,0-3A,0.573
Danilo Gallinari,0-3A,0.084
Langston Galloway,0-3A,0.054
Darius Garland,0-3A,0.238
Marc Gasol,0-3A,0.093
Rudy Gay,0-3A,0.121
Paul George,0-3A,0.185
Taj Gibson,0-3A,0.601
Harry Giles,0-3A,0.392
Shai Gilgeous-Alexander,0-3A,0.333
Anthony Gill,0-3A,0.267
Freddie Gillespie,0-3A,0.476
Rudy Gobert,0-3A,0.77
Brandon Goodwin,0-3A,0.233
Aaron Gordon,0-3A,0.283
Eric Gordon,0-3A,0.248
Devonte' Graham,0-3A,0.075
Jerami Grant,0-3A,0.207
Danny Green,0-3A,0.059
Draymond Green,0-3A,0.347
JaMychal Green,0-3A,0.249
Javonte Green,0-3A,0.441
Jeff Green,0-3A,0.281
Josh Green,0-3A,0.419
Blake Griffin,0-3A,0.265
Kyle Guy,0-3A,0.159
Rui Hachimura,0-3A,0.221
Ashton Hagans,0-3A,0.0
Tyrese Haliburton,0-3A,0.139
Donta Hall,0-3A,0.686
Josh Hall,0-3A,0.152
R.J. Hampton,0-3A,0.246
Tim Hardaway Jr.,0-3A,0.158
James Harden,0-3A,0.238
Maurice Harkless,0-3A,0.321
Jared Harper,0-3A,0.0
Montrezl Harrell,0-3A,0.577
Gary Harris,0-3A,0.235
Jalen Harris,0-3A,0.236
Joe Harris,0-3A,0.171
Tobias Harris,0-3A,0.22
Shaquille Harrison,0-3A,0.385
Josh Hart,0-3A,0.302
Isaiah Hartenstein,0-3A,0.538
Udonis Haslem,0-3A,0.5
Jaxson Hayes,0-3A,0.646
Killian Hayes,0-3A,0.09
Gordon Hayward,0-3A,0.213
Juan Hernangómez,0-3A,0.334
Willy Hernangómez,0-3A,0.642
Tyler Herro,0-3A,0.163
Buddy Hield,0-3A,0.087
George Hill,0-3A,0.259
Solomon Hill,0-3A,0.164
Nate Hinton,0-3A,0.143
Jaylen Hoard,0-3A,0.602
Aaron Holiday,0-3A,0.239
Jrue Holiday,0-3A,0.279
Justin Holiday,0-3A,0.165
Rondae Hollis-Jefferson,0-3A,0.556
Richaun Holmes,0-3A,0.405
Rodney Hood,0-3A,0.092
Al Horford,0-3A,0.169
Talen Horton-Tucker,0-3A,0.413
Danuel House,0-3A,0.224
Dwight Howard,0-3A,0.67
Markus Howard,0-3A,0.123
Kevin Huerter,0-3A,0.12
Elijah Hughes,0-3A,0.033
De'Andre Hunter,0-3A,0.226
Chandler Hutchison,0-3A,0.252
Serge Ibaka,0-3A,0.244
Andre Iguodala,0-3A,0.149
Ersan İlyasova,0-3A,0.093
Joe Ingles,0-3A,0.105
Brandon Ingram,0-3A,0.144
Kyrie Irving,0-3A,0.195
Wesley Iwundu,0-3A,0.373
Frank Jackson,0-3A,0.133
Jaren Jackson Jr.,0-3A,0.192
Josh Jackson,0-3A,0.267
Justin Jackson,0-3A,0.136
Reggie Jackson,0-3A,0.188
Justin James,0-3A,0.198
LeBron James,0-3A,0.318
Mike James,0-3A,0.13
DaQuan Jeffries,0-3A,0.2
Ty Jerome,0-3A,0.059
Isaiah Joe,0-3A,0.03
Alize Johnson,0-3A,0.397
Cameron Johnson,0-3A,0.143
James Johnson,0-3A,0.364
Keldon Johnson,0-3A,0.391
Stanley Johnson,0-3A,0.193
Tyler Johnson,0-3A,0.082
Nikola Jokić,0-3A,0.244
Damian Jones,0-3A,0.631
Derrick Jones Jr.,0-3A,0.467
Mason Jones,0-3A,0.171
Tre Jones,0-3A,0.397
Tyus Jones,0-3A,0.133
DeAndre Jordan,0-3A,0.876
Cory Joseph,0-3A,0.218
Mfiondu Kabengele,0-3A,0.27
Frank Kaminsky,0-3A,0.276
Enes Kanter,0-3A,0.695
Luke Kennard,0-3A,0.089
Louis King,0-3A,0.206
Maxi Kleber,0-3A,0.102
Nathan Knight,0-3A,0.41
Kevin Knox,0-3A,0.168
John Konchar,0-3A,0.341
Furkan Korkmaz,0-3A,0.137
Luke Kornet,0-3A,0.297
Rodions Kurucs,0-3A,0.25
Kyle Kuzma,0-3A,0.24
Anthony Lamb,0-3A,0.246
Jeremy Lamb,0-3A,0.181
Romeo Langford,0-3A,0.339
Zach LaVine,0-3A,0.31
Jake Layman,0-3A,0.413
T.J. Leaf,0-3A,0.7
Jalen Lecque,0-3A,0.444
Damion Lee,0-3A,0.08
Saben Lee,0-3A,0.386
Alex Len,0-3A,0.432
Kawhi Leonard,0-3A,0.186
Meyers Leonard,0-3A,0.0
Caris LeVert,0-3A,0.224
Kira Lewis Jr.,0-3A,0.267
Damian Lillard,0-3A,0.238
Nassir Little,0-3A,0.269
Kevon Looney,0-3A,0.548
Brook Lopez,0-3A,0.263
Robin Lopez,0-3A,0.318
Didi Louzada,0-3A,0.154
Kevin Love,0-3A,0.115
Kyle Lowry,0-3A,0.149
Timothé Luwawu-Cabarrot,0-3A,0.208
Trey Lyles,0-3A,0.311
Will Magnay,0-3A,0.0
Thon Maker,0-3A,0.389
Théo Maledon,0-3A,0.171
Karim Mané,0-3A,0.385
Terance Mann,0-3A,0.371
Nico Mannion,0-3A,0.114
Boban Marjanović,0-3A,0.443
Lauri Markkanen,0-3A,0.24
Naji Marshall,0-3A,0.321
Caleb Martin,0-3A,0.285
Cody Martin,0-3A,0.436
Jeremiah Martin,0-3A,0.273
Kelan Martin,0-3A,0.283
Kenyon Martin Jr.,0-3A,0.469
Frank Mason III,0-3A,0.5
Garrison Mathews,0-3A,0.042
Dakota Mathias,0-3A,0.042
Wesley Matthews,0-3A,0.099
Tyrese Maxey,0-3A,0.268
Skylar Mays,0-3A,0.408
Patrick McCaw,0-3A,1.0
CJ McCollum,0-3A,0.106
T.J. McConnell,0-3A,0.331
Jaden McDaniels,0-3A,0.229
Jalen McDaniels,0-3A,0.338
Doug McDermott,0-3A,0.397
Sean McDermott,0-3A,0.242
JaVale McGee,0-3A,0.433
Rodney McGruder,0-3A,0.257
Alfonzo McKinnie,0-3A,0.323
Jordan McLaughlin,0-3A,0.351
Ben McLemore,0-3A,0.099
Nicolò Melli,0-3A,0.149
De'Anthony Melton,0-3A,0.163
Sam Merrill,0-3A,0.139
Chimezie Metu,0-3A,0.318
Khris Middleton,0-3A,0.15
Darius Miller,0-3A,0.0
Patty Mills,0-3A,0.111
Paul Millsap,0-3A,0.244
Shake Milton,0-3A,0.193
Donovan Mitchell,0-3A,0.157
Adam Mokoka,0-3A,0.421
Malik Monk,0-3A,0.228
E'Twaun Moore,0-3A,0.174
Ja Morant,0-3A,0.335
Juwan Morgan,0-3A,0.433
Marcus Morris,0-3A,0.082
Markieff Morris,0-3A,0.132
Monte Morris,0-3A,0.235
Mychal Mulder,0-3A,0.147
Dejounte Murray,0-3A,0.193
Jamal Murray,0-3A,0.124
Mike Muscala,0-3A,0.131
Sviatoslav Mykhailiuk,0-3A,0.209
Abdel Nader,0-3A,0.353
Larry Nance Jr.,0-3A,0.313
Aaron Nesmith,0-3A,0.169
Raul Neto,0-3A,0.172
Georges Niang,0-3A,0.067
Zeke Nnaji,0-3A,0.212
Nerlens Noel,0-3A,0.686
Jaylen Nowell,0-3A,0.176
Frank Ntilikina,0-3A,0.038
Kendrick Nunn,0-3A,0.229
James Nunnally,0-3A,0.0
Jusuf Nurkić,0-3A,0.565
David Nwaba,0-3A,0.482
Jordan Nwora,0-3A,0.193
Royce O'Neale,0-3A,0.193
Semi Ojeleye,0-3A,0.1
Jahlil Okafor,0-3A,0.52
Chuma Okeke,0-3A,0.154
Josh Okogie,0-3A,0.409
Onyeka Okongwu,0-3A,0.591
Isaac Okoro,0-3A,0.377
KZ Okpala,0-3A,0.302
Victor Oladipo,0-3A,0.247
Cameron Oliver,0-3A,0.394
Kelly Olynyk,0-3A,0.286
Miye Oni,0-3A,0.061
Cedi Osman,0-3A,0.234
Daniel Oturu,0-3A,0.462
Kelly Oubre Jr.,0-3A,0.267
Jabari Parker,0-3A,0.309
Eric Paschall,0-3A,0.265
Anžejs Pasečņiks,0-3A,0.0
Patrick Patterson,0-3A,0.182
Justin Patton,0-3A,0.243
Chris Paul,0-3A,0.058
Cameron Payne,0-3A,0.159
Elfrid Payton,0-3A,0.368
Gary Payton II,0-3A,0.615
Norvel Pelle,0-3A,0.733
Reggie Perry,0-3A,0.551
Theo Pinson,0-3A,0.0
Mason Plumlee,0-3A,0.575
Jakob Poeltl,0-3A,0.581
Vincent Poirier,0-3A,0.417
Aleksej Pokusevski,0-3A,0.137
Jordan Poole,0-3A,0.148
Jontay Porter,0-3A,0.2
Kevin Porter Jr.,0-3A,0.21
Michael Porter Jr.,0-3A,0.226
Otto Porter,0-3A,0.137
Bobby Portis,0-3A,0.264
Kristaps Porziņģis,0-3A,0.223
Dwight Powell,0-3A,0.737
Norman Powell,0-3A,0.275
Taurean Prince,0-3A,0.183
Payton Pritchard,0-3A,0.146
Immanuel Quickley,0-3A,0.059
Jahmi'us Ramsey,0-3A,0.289
Chasson Randle,0-3A,0.203
Julius Randle,0-3A,0.162
Cam Reddish,0-3A,0.243
J.J. Redick,0-3A,0.022
Paul Reed,0-3A,0.551
Naz Reid,0-3A,0.418
Cameron Reynolds,0-3A,0.111
Nick Richards,0-3A,0.667
Josh Richardson,0-3A,0.16
Grant Riller,0-3A,0.25
Austin Rivers,0-3A,0.171
Andre Roberson,0-3A,0.357
Duncan Robinson,0-3A,0.079
Glenn Robinson III,0-3A,0.202
Jerome Robinson,0-3A,0.053
Justin Robinson,0-3A,0.143
Mitchell Robinson,0-3A,0.909
Isaiah Roby,0-3A,0.424
Rajon Rondo,0-3A,0.326
Derrick Rose,0-3A,0.237
Terrence Ross,0-3A,0.063
Terry Rozier,0-3A,0.183
Ricky Rubio,0-3A,0.221
D'Angelo Russell,0-3A,0.121
Domantas Sabonis,0-3A,0.431
Luka Šamanić,0-3A,0.324
JaKarr Sampson,0-3A,0.478
Dario Šarić,0-3A,0.269
Tomáš Satoranský,0-3A,0.261
Dennis Schröder,0-3A,0.25
Mike Scott,0-3A,0.085
Jay Scrubb,0-3A,0.306
Collin Sexton,0-3A,0.273
Landry Shamet,0-3A,0.116
Iman Shumpert,0-3A,0.0
Pascal Siakam,0-3A,0.241
Chris Silva,0-3A,0.5
Ben Simmons,0-3A,0.527
Anfernee Simons,0-3A,0.08
Deividas Sirvydis,0-3A,0.175
Alen Smailagić,0-3A,0.37
Marcus Smart,0-3A,0.129
Dennis Smith Jr.,0-3A,0.228
Ish Smith,0-3A,0.189
Jalen Smith,0-3A,0.42
Tony Snell,0-3A,0.076
Ray Spalding,0-3A,0.5
Cassius Stanley,0-3A,0.419
Lamar Stevens,0-3A,0.368
Isaiah Stewart,0-3A,0.494
Max Strus,0-3A,0.155
Edmond Sumner,0-3A,0.443
Jae'Sean Tate,0-3A,0.405
Jayson Tatum,0-3A,0.197
Jeff Teague,0-3A,0.19
Garrett Temple,0-3A,0.236
Tyrell Terry,0-3A,0.313
Daniel Theis,0-3A,0.315
Brodric Thomas,0-3A,0.231
Isaiah Thomas,0-3A,0.148
Khyri Thomas,0-3A,0.273
Matt Thomas,0-3A,0.063
Tristan Thompson,0-3A,0.472
Sindarius Thornwell,0-3A,0.13
Matisse Thybulle,0-3A,0.255
Killian Tillie,0-3A,0.123
Xavier Tillman Sr.,0-3A,0.348
Anthony Tolliver,0-3A,0.059
Obi Toppin,0-3A,0.392
Juan Toscano-Anderson,0-3A,0.392
Axel Toupane,0-3A,0.455
Karl-Anthony Towns,0-3A,0.285
Gary Trent Jr.,0-3A,0.101
P.J. Tucker,0-3A,0.186
Rayjon Tucker,0-3A,0.556
Myles Turner,0-3A,0.329
Jonas Valančiūnas,0-3A,0.46
Denzel Valentine,0-3A,0.087
Jarred Vanderbilt,0-3A,0.78
Fred VanVleet,0-3A,0.174
Anderson Varejão,0-3A,0.438
Devin Vassell,0-3A,0.125
Gabe Vincent,0-3A,0.21
Noah Vonleh,0-3A,0.333
Nikola Vučević,0-3A,0.143
Dean Wade,0-3A,0.209
Moritz Wagner,0-3A,0.306
Kemba Walker,0-3A,0.126
Lonnie Walker,0-3A,0.227
John Wall,0-3A,0.293
Brad Wanamaker,0-3A,0.311
T.J. Warren,0-3A,0.333
P.J. Washington,0-3A,0.283
Yuta Watanabe,0-3A,0.217
Tremont Waters,0-3A,0.131
Paul Watson,0-3A,0.098
Quinndary Weatherspoon,0-3A,0.486
Russell Westbrook,0-3A,0.194
Coby White,0-3A,0.221
Derrick White,0-3A,0.143
Hassan Whiteside,0-3A,0.366
Greg Whittington,0-3A,0.0
Andrew Wiggins,0-3A,0.218
Grant Williams,0-3A,0.202
Kenrich Williams,0-3A,0.324
Lou Williams,0-3A,0.132
Patrick Williams,0-3A,0.29
Robert Williams,0-3A,0.643
Zion Williamson,0-3A,0.696
D.J. Wilson,0-3A,0.202
Dylan Windler,0-3A,0.269
Justise Winslow,0-3A,0.233
Cassius Winston,0-3A,0.061
James Wiseman,0-3A,0.356
Christian Wood,0-3A,0.336
Robert Woodard,0-3A,0.25
Delon Wright,0-3A,0.332
Thaddeus Young,0-3A,0.446
Trae Young,0-3A,0.162
Cody Zeller,0-3A,0.605
Ivica Zubac,0-3A,0.683
Precious Achiuwa,3-10A,0.263
Jaylen Adams,3-10A,0.375
Steven Adams,3-10A,0.276
Bam Adebayo,3-10A,0.303
LaMarcus Aldridge,3-10A,0.122
Ty-Shon Alexander,3-10A,0.0
Nickeil Alexander-Walker,3-10A,0.164
Grayson Allen,3-10A,0.126
Jarrett Allen,3-10A,0.276
Al-Farouq Aminu,3-10A,0.242
Kyle Anderson,3-10A,0.22
Giannis Antetokounmpo,3-10A,0.193
Kostas Antetokounmpo,3-10A,0.6
Thanasis Antetokounmpo,3-10A,0.139
Carmelo Anthony,3-10A,0.08
Cole Anthony,3-10A,0.292
OG Anunoby,3-10A,0.173
Ryan Arcidiacono,3-10A,0.137
Trevor Ariza,3-10A,0.095
D.J. Augustin,3-10A,0.102
Deni Avdija,3-10A,0.237
Deandre Ayton,3-10A,0.259
Udoka Azubuike,3-10A,0.222
Dwayne Bacon,3-10A,0.226
Marvin Bagley III,3-10A,0.341
LaMelo Ball,3-10A,0.174
Lonzo Ball,3-10A,0.057
Mo Bamba,3-10A,0.166
Desmond Bane,3-10A,0.132
Harrison Barnes,3-10A,0.248
RJ Barrett,3-10A,0.228
Will Barton,3-10A,0.211
Keita Bates-Diop,3-10A,0.284
Nicolas Batum,3-10A,0.024
Aron Baynes,3-10A,0.181
Kent Bazemore,3-10A,0.168
Darius Bazley,3-10A,0.197
Bradley Beal,3-10A,0.274
Malik Beasley,3-10A,0.148
Jordan Bell,3-10A,0.273
DeAndre' Bembry,3-10A,0.342
Dāvis Bertāns,3-10A,0.04
Patrick Beverley,3-10A,0.132
Saddiq Bey,3-10A,0.097
Tyler Bey,3-10A,0.227
Khem Birch,3-10A,0.342
Goga Bitadze,3-10A,0.191
Bismack Biyombo,3-10A,0.256
Nemanja Bjelica,3-10A,0.219
Eric Bledsoe,3-10A,0.167
Keljin Blevins,3-10A,0.35
Bogdan Bogdanović,3-10A,0.108
Bojan Bogdanović,3-10A,0.226
Bol Bol,3-10A,0.172
Marques Bolden,3-10A,0.333
Jordan Bone,3-10A,0.093
Isaac Bonga,3-10A,0.235
Devin Booker,3-10A,0.163
Chris Boucher,3-10A,0.154
Brian Bowen,3-10A,0.25
Avery Bradley,3-10A,0.099
Tony Bradley,3-10A,0.325
Jarrell Brantley,3-10A,0.212
Ignas Brazdeikis,3-10A,0.229
Mikal Bridges,3-10A,0.135
Miles Bridges,3-10A,0.141
Amida Brimah,3-10A,0.375
Oshae Brissett,3-10A,0.126
Malcolm Brogdon,3-10A,0.111
Armoni Brooks,3-10A,0.057
Dillon Brooks,3-10A,0.167
Bruce Brown,3-10A,0.286
Charlie Brown,3-10A,0.186
Jaylen Brown,3-10A,0.239
Moses Brown,3-10A,0.224
Sterling Brown,3-10A,0.099
Troy Brown Jr.,3-10A,0.132
Jalen Brunson,3-10A,0.228
Elijah Bryant,3-10A,0.154
Thomas Bryant,3-10A,0.231
Reggie Bullock,3-10A,0.052
Trey Burke,3-10A,0.096
Alec Burks,3-10A,0.138
Jimmy Butler,3-10A,0.289
Bruno Caboclo,3-10A,0.353
Devontae Cacok,3-10A,0.379
Kentavious Caldwell-Pope,3-10A,0.073
Facundo Campazzo,3-10A,0.137
Vlatko Čančar,3-10A,0.167
Devin Cannady,3-10A,0.107
Clint Capela,3-10A,0.269
Vernon Carey Jr.,3-10A,0.194
Jevon Carter,3-10A,0.054
Wendell Carter Jr.,3-10A,0.256
Michael Carter-Williams,3-10A,0.307
Alex Caruso,3-10A,0.144
Willie Cauley-Stein,3-10A,0.082
Chris Chiozza,3-10A,0.159
Marquese Chriss,3-10A,0.143
Gary Clark,3-10A,0.083
Brandon Clarke,3-10A,0.279
Jordan Clarkson,3-10A,0.27
Nicolas Claxton,3-10A,0.234
Amir Coffey,3-10A,0.146
John Collins,3-10A,0.204
Mike Conley,3-10A,0.209
Pat Connaughton,3-10A,0.062
Quinn Cook,3-10A,0.103
Tyler Cook,3-10A,0.33
DeMarcus Cousins,3-10A,0.17
Robert Covington,3-10A,0.075
Torrey Craig,3-10A,0.137
Jae Crowder,3-10A,0.049
Jarrett Culver,3-10A,0.25
Seth Curry,3-10A,0.111
Stephen Curry,3-10A,0.136
Nate Darling,3-10A,0.0
Anthony Davis,3-10A,0.204
Ed Davis,3-10A,0.273
Terence Davis,3-10A,0.136
Gabriel Deck,3-10A,0.269
Dewayne Dedmon,3-10A,0.231
Matthew Dellavedova,3-10A,0.321
DeMar DeRozan,3-10A,0.268
Mamadi Diakite,3-10A,0.175
Hamidou Diallo,3-10A,0.274
Gorgui Dieng,3-10A,0.141
Spencer Dinwiddie,3-10A,0.25
Donte DiVincenzo,3-10A,0.083
Luka Dončić,3-10A,0.201
Luguentz Dort,3-10A,0.196
Damyean Dotson,3-10A,0.075
Devon Dotson,3-10A,0.095
Sekou Doumbouya,3-10A,0.167
PJ Dozier,3-10A,0.186
Goran Dragić,3-10A,0.164
Andre Drummond,3-10A,0.364
Jared Dudley,3-10A,0.111
Kris Dunn,3-10A,0.333
Kevin Durant,3-10A,0.154
Anthony Edwards,3-10A,0.145
Carsen Edwards,3-10A,0.072
CJ Elleby,3-10A,0.091
Henry Ellenson,3-10A,0.0
Wayne Ellington,3-10A,0.033
Joel Embiid,3-10A,0.227
James Ennis,3-10A,0.222
Drew Eubanks,3-10A,0.371
Dante Exum,3-10A,0.231
Tacko Fall,3-10A,0.345
Derrick Favors,3-10A,0.259
Cristiano Felício,3-10A,0.077
Terrance Ferguson,3-10A,0.0
Bruno Fernando,3-10A,0.182
Yogi Ferrell,3-10A,0.088
Dorian Finney-Smith,3-10A,0.086
Malik Fitts,3-10A,0.0
Malachi Flynn,3-10A,0.174
Bryn Forbes,3-10A,0.078
Trent Forrest,3-10A,0.296
Evan Fournier,3-10A,0.155
De'Aaron Fox,3-10A,0.232
Robert Franks,3-10A,0.143
Tim Frazier,3-10A,0.15
Markelle Fultz,3-10A,0.365
Wenyen Gabriel,3-10A,0.083
Daniel Gafford,3-10A,0.382
Danilo Gallinari,3-10A,0.088
Langston Galloway,3-10A,0.109
Darius Garland,3-10A,0.269
Marc Gasol,3-10A,0.134
Rudy Gay,3-10A,0.139
Paul George,3-10A,0.146
Taj Gibson,3-10A,0.184
Harry Giles,3-10A,0.186
Shai Gilgeous-Alexander,3-10A,0.225
Anthony Gill,3-10A,0.317
Freddie Gillespie,3-10A,0.405
Rudy Gobert,3-10A,0.209
Brandon Goodwin,3-10A,0.157
Aaron Gordon,3-10A,0.166
Eric Gordon,3-10A,0.153
Devonte' Graham,3-10A,0.052
Jerami Grant,3-10A,0.197
Danny Green,3-10A,0.072
Draymond Green,3-10A,0.218
JaMychal Green,3-10A,0.158
Javonte Green,3-10A,0.186
Jeff Green,3-10A,0.149
Josh Green,3-10A,0.172
Blake Griffin,3-10A,0.175
Kyle Guy,3-10A,0.193
Rui Hachimura,3-10A,0.238
Ashton Hagans,3-10A,0.0
Tyrese Haliburton,3-10A,0.17
Donta Hall,3-10A,0.229
Josh Hall,3-10A,0.333
R.J. Hampton,3-10A,0.272
Tim Hardaway Jr.,3-10A,0.099
James Harden,3-10A,0.257
Maurice Harkless,3-10A,0.109
Jared Harper,3-10A,0.5
Montrezl Harrell,3-10A,0.259
Gary Harris,3-10A,0.191
Jalen Harris,3-10A,0.194
Joe Harris,3-10A,0.076
Tobias Harris,3-10A,0.313
Shaquille Harrison,3-10A,0.295
Josh Hart,3-10A,0.061
Isaiah Hartenstein,3-10A,0.38
Udonis Haslem,3-10A,0.0
Jaxson Hayes,3-10A,0.232
Killian Hayes,3-10A,0.353
Gordon Hayward,3-10A,0.198
Juan Hernangómez,3-10A,0.097
Willy Hernangómez,3-10A,0.246
Tyler Herro,3-10A,0.16
Buddy Hield,3-10A,0.06
George Hill,3-10A,0.147
Solomon Hill,3-10A,0.081
Nate Hinton,3-10A,0.119
Jaylen Hoard,3-10A,0.227
Aaron Holiday,3-10A,0.218
Jrue Holiday,3-10A,0.199
Justin Holiday,3-10A,0.034
Rondae Hollis-Jefferson,3-10A,0.333
Richaun Holmes,3-10A,0.283
Rodney Hood,3-10A,0.162
Al Horford,3-10A,0.225
Talen Horton-Tucker,3-10A,0.211
Danuel House,3-10A,0.103
Dwight Howard,3-10A,0.208
Markus Howard,3-10A,0.085
Kevin Huerter,3-10A,0.167
Elijah Hughes,3-10A,0.067
De'Andre Hunter,3-10A,0.129
Chandler Hutchison,3-10A,0.437
Serge Ibaka,3-10A,0.268
Andre Iguodala,3-10A,0.048
Ersan İlyasova,3-10A,0.019
Joe Ingles,3-10A,0.137
Brandon Ingram,3-10A,0.115
Kyrie Irving,3-10A,0.196
Wesley Iwundu,3-10A,0.176
Frank Jackson,3-10A,0.208
Jaren Jackson Jr.,3-10A,0.28
Josh Jackson,3-10A,0.221
Justin Jackson,3-10A,0.213
Reggie Jackson,3-10A,0.166
Justin James,3-10A,0.297
LeBron James,3-10A,0.118
Mike James,3-10A,0.272
DaQuan Jeffries,3-10A,0.167
Ty Jerome,3-10A,0.226
Isaiah Joe,3-10A,0.045
Alize Johnson,3-10A,0.412
Cameron Johnson,3-10A,0.066
James Johnson,3-10A,0.205
Keldon Johnson,3-10A,0.277
Stanley Johnson,3-10A,0.159
Tyler Johnson,3-10A,0.055
Nikola Jokić,3-10A,0.35
Damian Jones,3-10A,0.184
Derrick Jones Jr.,3-10A,0.079
Mason Jones,3-10A,0.163
Tre Jones,3-10A,0.333
Tyus Jones,3-10A,0.225
DeAndre Jordan,3-10A,0.108
Cory Joseph,3-10A,0.254
Mfiondu Kabengele,3-10A,0.09
Frank Kaminsky,3-10A,0.276
Enes Kanter,3-10A,0.275
Luke Kennard,3-10A,0.094
Louis King,3-10A,0.235
Maxi Kleber,3-10A,0.047
Nathan Knight,3-10A,0.21
Kevin Knox,3-10A,0.091
John Konchar,3-10A,0.181
Furkan Korkmaz,3-10A,0.09
Luke Kornet,3-10A,0.099
Rodions Kurucs,3-10A,0.031
Kyle Kuzma,3-10A,0.124
Anthony Lamb,3-10A,0.153
Jeremy Lamb,3-10A,0.159
Romeo Langford,3-10A,0.186
Zach LaVine,3-10A,0.093
Jake Layman,3-10A,0.125
T.J. Leaf,3-10A,0.2
Jalen Lecque,3-10A,0.111
Damion Lee,3-10A,0.091
Saben Lee,3-10A,0.429
Alex Len,3-10A,0.432
Kawhi Leonard,3-10A,0.188
Meyers Leonard,3-10A,0.0
Caris LeVert,3-10A,0.206
Kira Lewis Jr.,3-10A,0.252
Damian Lillard,3-10A,0.096
Nassir Little,3-10A,0.114
Kevon Looney,3-10A,0.223
Brook Lopez,3-10A,0.211
Robin Lopez,3-10A,0.595
Didi Louzada,3-10A,0.154
Kevin Love,3-10A,0.123
Kyle Lowry,3-10A,0.129
Timothé Luwawu-Cabarrot,3-10A,0.062
Trey Lyles,3-10A,0.1
Will Magnay,3-10A,0.0
Thon Maker,3-10A,0.333
Théo Maledon,3-10A,0.164
Karim Mané,3-10A,0.385
Terance Mann,3-10A,0.209
Nico Mannion,3-10A,0.184
Boban Marjanović,3-10A,0.352
Lauri Markkanen,3-10A,0.146
Naji Marshall,3-10A,0.163
Caleb Martin,3-10A,0.094
Cody Martin,3-10A,0.117
Jeremiah Martin,3-10A,0.242
Kelan Martin,3-10A,0.138
Kenyon Martin Jr.,3-10A,0.214
Frank Mason III,3-10A,0.25
Garrison Mathews,3-10A,0.055
Dakota Mathias,3-10A,0.042
Wesley Matthews,3-10A,0.056
Tyrese Maxey,3-10A,0.233
Skylar Mays,3-10A,0.061
Patrick McCaw,3-10A,0.0
CJ McCollum,3-10A,0.152
T.J. McConnell,3-10A,0.341
Jaden McDaniels,3-10A,0.139
Jalen McDaniels,3-10A,0.239
Doug McDermott,3-10A,0.141
Sean McDermott,3-10A,0.03
JaVale McGee,3-10A,0.379
Rodney McGruder,3-10A,0.286
Alfonzo McKinnie,3-10A,0.151
Jordan McLaughlin,3-10A,0.223
Ben McLemore,3-10A,0.041
Nicolò Melli,3-10A,0.099
De'Anthony Melton,3-10A,0.155
Sam Merrill,3-10A,0.083
Chimezie Metu,3-10A,0.212
Khris Middleton,3-10A,0.146
Darius Miller,3-10A,0.021
Patty Mills,3-10A,0.057
Paul Millsap,3-10A,0.309
Shake Milton,3-10A,0.214
Donovan Mitchell,3-10A,0.219
Adam Mokoka,3-10A,0.053
Malik Monk,3-10A,0.125
E'Twaun Moore,3-10A,0.314
Ja Morant,3-10A,0.261
Juwan Morgan,3-10A,0.1
Marcus Morris,3-10A,0.098
Markieff Morris,3-10A,0.138
Monte Morris,3-10A,0.186
Mychal Mulder,3-10A,0.034
Dejounte Murray,3-10A,0.205
Jamal Murray,3-10A,0.144
Mike Muscala,3-10A,0.075
Sviatoslav Mykhailiuk,3-10A,0.105
Abdel Nader,3-10A,0.224
Larry Nance Jr.,3-10A,0.162
Aaron Nesmith,3-10A,0.163
Raul Neto,3-10A,0.315
Georges Niang,3-10A,0.128
Zeke Nnaji,3-10A,0.135
Nerlens Noel,3-10A,0.202
Jaylen Nowell,3-10A,0.179
Frank Ntilikina,3-10A,0.076
Kendrick Nunn,3-10A,0.12
James Nunnally,3-10A,0.0
Jusuf Nurkić,3-10A,0.27
David Nwaba,3-10A,0.206
Jordan Nwora,3-10A,0.133
Royce O'Neale,3-10A,0.079
Semi Ojeleye,3-10A,0.109
Jahlil Okafor,3-10A,0.304
Chuma Okeke,3-10A,0.157
Josh Okogie,3-10A,0.134
Onyeka Okongwu,3-10A,0.302
Isaac Okoro,3-10A,0.197
KZ Okpala,3-10A,0.146
Victor Oladipo,3-10A,0.156
Cameron Oliver,3-10A,0.121
Kelly Olynyk,3-10A,0.135
Miye Oni,3-10A,0.051
Cedi Osman,3-10A,0.147
Daniel Oturu,3-10A,0.269
Kelly Oubre Jr.,3-10A,0.238
Jabari Parker,3-10A,0.218
Eric Paschall,3-10A,0.265
Anžejs Pasečņiks,3-10A,0.0
Patrick Patterson,3-10A,0.079
Justin Patton,3-10A,0.171
Chris Paul,3-10A,0.114
Cameron Payne,3-10A,0.253
Elfrid Payton,3-10A,0.339
Gary Payton II,3-10A,0.077
Norvel Pelle,3-10A,0.267
Reggie Perry,3-10A,0.141
Theo Pinson,3-10A,0.0
Mason Plumlee,3-10A,0.304
Jakob Poeltl,3-10A,0.333
Vincent Poirier,3-10A,0.083
Aleksej Pokusevski,3-10A,0.147
Jordan Poole,3-10A,0.133
Jontay Porter,3-10A,0.067
Kevin Porter Jr.,3-10A,0.18
Michael Porter Jr.,3-10A,0.131
Otto Porter,3-10A,0.154
Bobby Portis,3-10A,0.194
Kristaps Porziņģis,3-10A,0.154
Dwight Powell,3-10A,0.144
Norman Powell,3-10A,0.181
Taurean Prince,3-10A,0.18
Payton Pritchard,3-10A,0.139
Immanuel Quickley,3-10A,0.209
Jahmi'us Ramsey,3-10A,0.079
Chasson Randle,3-10A,0.131
Julius Randle,3-10A,0.176
Cam Reddish,3-10A,0.16
J.J. Redick,3-10A,0.007
Paul Reed,3-10A,0.244
Naz Reid,3-10A,0.263
Cameron Reynolds,3-10A,0.111
Nick Richards,3-10A,0.222
Josh Richardson,3-10A,0.16
Grant Riller,3-10A,0.0
Austin Rivers,3-10A,0.163
Andre Roberson,3-10A,0.071
Duncan Robinson,3-10A,0.029
Glenn Robinson III,3-10A,0.253
Jerome Robinson,3-10A,0.179
Justin Robinson,3-10A,0.048
Mitchell Robinson,3-10A,0.091
Isaiah Roby,3-10A,0.254
Rajon Rondo,3-10A,0.195
Derrick Rose,3-10A,0.241
Terrence Ross,3-10A,0.12
Terry Rozier,3-10A,0.15
Ricky Rubio,3-10A,0.149
D'Angelo Russell,3-10A,0.118
Domantas Sabonis,3-10A,0.259
Luka Šamanić,3-10A,0.21
JaKarr Sampson,3-10A,0.327
Dario Šarić,3-10A,0.228
Tomáš Satoranský,3-10A,0.213
Dennis Schröder,3-10A,0.216
Mike Scott,3-10A,0.076
Jay Scrubb,3-10A,0.167
Collin Sexton,3-10A,0.251
Landry Shamet,3-10A,0.053
Iman Shumpert,3-10A,0.0
Pascal Siakam,3-10A,0.324
Chris Silva,3-10A,0.25
Ben Simmons,3-10A,0.383
Anfernee Simons,3-10A,0.11
Deividas Sirvydis,3-10A,0.075
Alen Smailagić,3-10A,0.259
Marcus Smart,3-10A,0.178
Dennis Smith Jr.,3-10A,0.131
Ish Smith,3-10A,0.202
Jalen Smith,3-10A,0.12
Tony Snell,3-10A,0.152
Ray Spalding,3-10A,0.25
Cassius Stanley,3-10A,0.233
Lamar Stevens,3-10A,0.147
Isaiah Stewart,3-10A,0.252
Max Strus,3-10A,0.048
Edmond Sumner,3-10A,0.195
Jae'Sean Tate,3-10A,0.253
Jayson Tatum,3-10A,0.206
Jeff Teague,3-10A,0.324
Garrett Temple,3-10A,0.087
Tyrell Terry,3-10A,0.125
Daniel Theis,3-10A,0.157
Brodric Thomas,3-10A,0.074
Isaiah Thomas,3-10A,0.111
Khyri Thomas,3-10A,0.121
Matt Thomas,3-10A,0.063
Tristan Thompson,3-10A,0.466
Sindarius Thornwell,3-10A,0.261
Matisse Thybulle,3-10A,0.123
Killian Tillie,3-10A,0.246
Xavier Tillman Sr.,3-10A,0.254
Anthony Tolliver,3-10A,0.059
Obi Toppin,3-10A,0.129
Juan Toscano-Anderson,3-10A,0.158
Axel Toupane,3-10A,0.091
Karl-Anthony Towns,3-10A,0.238
Gary Trent Jr.,3-10A,0.117
P.J. Tucker,3-10A,0.096
Rayjon Tucker,3-10A,0.0
Myles Turner,3-10A,0.148
Jonas Valančiūnas,3-10A,0.351
Denzel Valentine,3-10A,0.12
Jarred Vanderbilt,3-10A,0.182
Fred VanVleet,3-10A,0.115
Anderson Varejão,3-10A,0.125
Devin Vassell,3-10A,0.086
Gabe Vincent,3-10A,0.09
Noah Vonleh,3-10A,0.0
Nikola Vučević,3-10A,0.251
Dean Wade,3-10A,0.048
Moritz Wagner,3-10A,0.271
Kemba Walker,3-10A,0.157
Lonnie Walker,3-10A,0.108
John Wall,3-10A,0.139
Brad Wanamaker,3-10A,0.227
T.J. Warren,3-10A,0.137
P.J. Washington,3-10A,0.233
Yuta Watanabe,3-10A,0.178
Tremont Waters,3-10A,0.262
Paul Watson,3-10A,0.085
Quinndary Weatherspoon,3-10A,0.114
Russell Westbrook,3-10A,0.245
Coby White,3-10A,0.109
Derrick White,3-10A,0.21
Hassan Whiteside,3-10A,0.455
Greg Whittington,3-10A,0.0
Andrew Wiggins,3-10A,0.197
Grant Williams,3-10A,0.202
Kenrich Williams,3-10A,0.207
Lou Williams,3-10A,0.203
Patrick Williams,3-10A,0.178
Robert Williams,3-10A,0.244
Zion Williamson,3-10A,0.257
D.J. Wilson,3-10A,0.119
Dylan Windler,3-10A,0.1
Justise Winslow,3-10A,0.262
Cassius Winston,3-10A,0.121
James Wiseman,3-10A,0.285
Christian Wood,3-10A,0.195
Robert Woodard,3-10A,0.25
Delon Wright,3-10A,0.259
Thaddeus Young,3-10A,0.424
Trae Young,3-10A,0.226
Cody Zeller,3-10A,0.269
Ivica Zubac,3-10A,0.287
Precious Achiuwa,10-16A,0.039
Jaylen Adams,10-16A,0.125
Steven Adams,10-16A,0.068
Bam Adebayo,10-16A,0.225
LaMarcus Aldridge,10-16A,0.152
Ty-Shon Alexander,10-16A,0.0
Nickeil Alexander-Walker,10-16A,0.041
Grayson Allen,10-16A,0.07
Jarrett Allen,10-16A,0.056
Al-Farouq Aminu,10-16A,0.03
Kyle Anderson,10-16A,0.149
Giannis Antetokounmpo,10-16A,0.094
Kostas Antetokounmpo,10-16A,0.0
Thanasis Antetokounmpo,10-16A,0.015
Carmelo Anthony,10-16A,0.236
Cole Anthony,10-16A,0.129
OG Anunoby,10-16A,0.04
Ryan Arcidiacono,10-16A,0.085
Trevor Ariza,10-16A,0.008
D.J. Augustin,10-16A,0.073
Deni Avdija,10-16A,0.045
Deandre Ayton,10-16A,0.137
Udoka Azubuike,10-16A,0.0
Dwayne Bacon,10-16A,0.143
Marvin Bagley III,10-16A,0.041
LaMelo Ball,10-16A,0.095
Lonzo Ball,10-16A,0.063
Mo Bamba,10-16A,0.063
Desmond Bane,10-16A,0.094
Harrison Barnes,10-16A,0.044
RJ Barrett,10-16A,0.087
Will Barton,10-16A,0.072
Keita Bates-Diop,10-16A,0.045
Nicolas Batum,10-16A,0.053
Aron Baynes,10-16A,0.056
Kent Bazemore,10-16A,0.061
Darius Bazley,10-16A,0.039
Bradley Beal,10-16A,0.143
Malik Beasley,10-16A,0.075
Jordan Bell,10-16A,0.045
DeAndre' Bembry,10-16A,0.035
Dāvis Bertāns,10-16A,0.013
Patrick Beverley,10-16A,0.032
Saddiq Bey,10-16A,0.049
Tyler Bey,10-16A,0.182
Khem Birch,10-16A,0.132
Goga Bitadze,10-16A,0.052
Bismack Biyombo,10-16A,0.037
Nemanja Bjelica,10-16A,0.015
Eric Bledsoe,10-16A,0.11
Keljin Blevins,10-16A,0.05
Bogdan Bogdanović,10-16A,0.122
Bojan Bogdanović,10-16A,0.079
Bol Bol,10-16A,0.121
Marques Bolden,10-16A,0.333
Jordan Bone,10-16A,0.019
Isaac Bonga,10-16A,0.025
Devin Booker,10-16A,0.231
Chris Boucher,10-16A,0.014
Brian Bowen,10-16A,0.0
Avery Bradley,10-16A,0.035
Tony Bradley,10-16A,0.046
Jarrell Brantley,10-16A,0.019
Ignas Brazdeikis,10-16A,0.048
Mikal Bridges,10-16A,0.082
Miles Bridges,10-16A,0.019
Amida Brimah,10-16A,0.0
Oshae Brissett,10-16A,0.02
Malcolm Brogdon,10-16A,0.081
Armoni Brooks,10-16A,0.026
Dillon Brooks,10-16A,0.229
Bruce Brown,10-16A,0.057
Charlie Brown,10-16A,0.093
Jaylen Brown,10-16A,0.11
Moses Brown,10-16A,0.004
Sterling Brown,10-16A,0.021
Troy Brown Jr.,10-16A,0.063
Jalen Brunson,10-16A,0.161
Elijah Bryant,10-16A,0.0
Thomas Bryant,10-16A,0.088
Reggie Bullock,10-16A,0.061
Trey Burke,10-16A,0.139
Alec Burks,10-16A,0.128
Jimmy Butler,10-16A,0.166
Bruno Caboclo,10-16A,0.0
Devontae Cacok,10-16A,0.034
Kentavious Caldwell-Pope,10-16A,0.042
Facundo Campazzo,10-16A,0.054
Vlatko Čančar,10-16A,0.042
Devin Cannady,10-16A,0.143
Clint Capela,10-16A,0.017
Vernon Carey Jr.,10-16A,0.083
Jevon Carter,10-16A,0.072
Wendell Carter Jr.,10-16A,0.158
Michael Carter-Williams,10-16A,0.104
Alex Caruso,10-16A,0.102
Willie Cauley-Stein,10-16A,0.044
Chris Chiozza,10-16A,0.08
Marquese Chriss,10-16A,0.0
Gary Clark,10-16A,0.015
Brandon Clarke,10-16A,0.131
Jordan Clarkson,10-16A,0.074
Nicolas Claxton,10-16A,0.021
Amir Coffey,10-16A,0.058
John Collins,10-16A,0.132
Mike Conley,10-16A,0.117
Pat Connaughton,10-16A,0.013
Quinn Cook,10-16A,0.088
Tyler Cook,10-16A,0.01
DeMarcus Cousins,10-16A,0.013
Robert Covington,10-16A,0.016
Torrey Craig,10-16A,0.048
Jae Crowder,10-16A,0.03
Jarrett Culver,10-16A,0.012
Seth Curry,10-16A,0.096
Stephen Curry,10-16A,0.06
Nate Darling,10-16A,0.0
Anthony Davis,10-16A,0.232
Ed Davis,10-16A,0.0
Terence Davis,10-16A,0.011
Gabriel Deck,10-16A,0.104
Dewayne Dedmon,10-16A,0.031
Matthew Dellavedova,10-16A,0.071
DeMar DeRozan,10-16A,0.282
Mamadi Diakite,10-16A,0.125
Hamidou Diallo,10-16A,0.096
Gorgui Dieng,10-16A,0.129
Spencer Dinwiddie,10-16A,0.0
Donte DiVincenzo,10-16A,0.053
Luka Dončić,10-16A,0.153
Luguentz Dort,10-16A,0.036
Damyean Dotson,10-16A,0.072
Devon Dotson,10-16A,0.048
Sekou Doumbouya,10-16A,0.039
PJ Dozier,10-16A,0.076
Goran Dragić,10-16A,0.142
Andre Drummond,10-16A,0.026
Jared Dudley,10-16A,0.111
Kris Dunn,10-16A,0.25
Kevin Durant,10-16A,0.254
Anthony Edwards,10-16A,0.047
Carsen Edwards,10-16A,0.018
CJ Elleby,10-16A,0.076
Henry Ellenson,10-16A,0.0
Wayne Ellington,10-16A,0.036
Joel Embiid,10-16A,0.246
James Ennis,10-16A,0.066
Drew Eubanks,10-16A,0.034
Dante Exum,10-16A,0.077
Tacko Fall,10-16A,0.0
Derrick Favors,10-16A,0.132
Cristiano Felício,10-16A,0.0
Terrance Ferguson,10-16A,0.0
Bruno Fernando,10-16A,0.068
Yogi Ferrell,10-16A,0.228
Dorian Finney-Smith,10-16A,0.013
Malik Fitts,10-16A,0.0
Malachi Flynn,10-16A,0.109
Bryn Forbes,10-16A,0.091
Trent Forrest,10-16A,0.113
Evan Fournier,10-16A,0.092
De'Aaron Fox,10-16A,0.151
Robert Franks,10-16A,0.036
Tim Frazier,10-16A,0.25
Markelle Fultz,10-16A,0.135
Wenyen Gabriel,10-16A,0.033
Daniel Gafford,10-16A,0.027
Danilo Gallinari,10-16A,0.152
Langston Galloway,10-16A,0.143
Darius Garland,10-16A,0.111
Marc Gasol,10-16A,0.119
Rudy Gay,10-16A,0.172
Paul George,10-16A,0.113
Taj Gibson,10-16A,0.082
Harry Giles,10-16A,0.093
Shai Gilgeous-Alexander,10-16A,0.097
Anthony Gill,10-16A,0.0
Freddie Gillespie,10-16A,0.119
Rudy Gobert,10-16A,0.005
Brandon Goodwin,10-16A,0.099
Aaron Gordon,10-16A,0.132
Eric Gordon,10-16A,0.022
Devonte' Graham,10-16A,0.072
Jerami Grant,10-16A,0.1
Danny Green,10-16A,0.042
Draymond Green,10-16A,0.05
JaMychal Green,10-16A,0.027
Javonte Green,10-16A,0.078
Jeff Green,10-16A,0.072
Josh Green,10-16A,0.054
Blake Griffin,10-16A,0.029
Kyle Guy,10-16A,0.068
Rui Hachimura,10-16A,0.154
Ashton Hagans,10-16A,0.0
Tyrese Haliburton,10-16A,0.126
Donta Hall,10-16A,0.057
Josh Hall,10-16A,0.111
R.J. Hampton,10-16A,0.118
Tim Hardaway Jr.,10-16A,0.075
James Harden,10-16A,0.04
Maurice Harkless,10-16A,0.012
Jared Harper,10-16A,0.25
Montrezl Harrell,10-16A,0.114
Gary Harris,10-16A,0.067
Jalen Harris,10-16A,0.0
Joe Harris,10-16A,0.071
Tobias Harris,10-16A,0.144
Shaquille Harrison,10-16A,0.051
Josh Hart,10-16A,0.026
Isaiah Hartenstein,10-16A,0.035
Udonis Haslem,10-16A,0.5
Jaxson Hayes,10-16A,0.05
Killian Hayes,10-16A,0.144
Gordon Hayward,10-16A,0.161
Juan Hernangómez,10-16A,0.007
Willy Hernangómez,10-16A,0.063
Tyler Herro,10-16A,0.109
Buddy Hield,10-16A,0.064
George Hill,10-16A,0.112
Solomon Hill,10-16A,0.017
Nate Hinton,10-16A,0.071
Jaylen Hoard,10-16A,0.034
Aaron Holiday,10-16A,0.076
Jrue Holiday,10-16A,0.108
Justin Holiday,10-16A,0.027
Rondae Hollis-Jefferson,10-16A,0.056
Richaun Holmes,10-16A,0.257
Rodney Hood,10-16A,0.192
Al Horford,10-16A,0.1
Talen Horton-Tucker,10-16A,0.072
Danuel House,10-16A,0.037
Dwight Howard,10-16A,0.023
Markus Howard,10-16A,0.094
Kevin Huerter,10-16A,0.141
Elijah Hughes,10-16A,0.067
De'Andre Hunter,10-16A,0.153
Chandler Hutchison,10-16A,0.068
Serge Ibaka,10-16A,0.085
Andre Iguodala,10-16A,0.032
Ersan İlyasova,10-16A,0.056
Joe Ingles,10-16A,0.025
Brandon Ingram,10-16A,0.224
Kyrie Irving,10-16A,0.159
Wesley Iwundu,10-16A,0.02
Frank Jackson,10-16A,0.109
Jaren Jackson Jr.,10-16A,0.04
Josh Jackson,10-16A,0.064
Justin Jackson,10-16A,0.095
Reggie Jackson,10-16A,0.094
Justin James,10-16A,0.108
LeBron James,10-16A,0.104
Mike James,10-16A,0.152
DaQuan Jeffries,10-16A,0.025
Ty Jerome,10-16A,0.087
Isaiah Joe,10-16A,0.053
Alize Johnson,10-16A,0.103
Cameron Johnson,10-16A,0.054
James Johnson,10-16A,0.049
Keldon Johnson,10-16A,0.045
Stanley Johnson,10-16A,0.043
Tyler Johnson,10-16A,0.066
Nikola Jokić,10-16A,0.14
Damian Jones,10-16A,0.087
Derrick Jones Jr.,10-16A,0.003
Mason Jones,10-16A,0.057
Tre Jones,10-16A,0.192
Tyus Jones,10-16A,0.257
DeAndre Jordan,10-16A,0.004
Cory Joseph,10-16A,0.143
Mfiondu Kabengele,10-16A,0.056
Frank Kaminsky,10-16A,0.07
Enes Kanter,10-16A,0.016
Luke Kennard,10-16A,0.143
Louis King,10-16A,0.235
Maxi Kleber,10-16A,0.055
Nathan Knight,10-16A,0.04
Kevin Knox,10-16A,0.035
John Konchar,10-16A,0.058
Furkan Korkmaz,10-16A,0.064
Luke Kornet,10-16A,0.01
Rodions Kurucs,10-16A,0.031
Kyle Kuzma,10-16A,0.063
Anthony Lamb,10-16A,0.0
Jeremy Lamb,10-16A,0.149
Romeo Langford,10-16A,0.102
Zach LaVine,10-16A,0.061
Jake Layman,10-16A,0.016
T.J. Leaf,10-16A,0.1
Jalen Lecque,10-16A,0.111
Damion Lee,10-16A,0.091
Saben Lee,10-16A,0.062
Alex Len,10-16A,0.047
Kawhi Leonard,10-16A,0.215
Meyers Leonard,10-16A,0.0
Caris LeVert,10-16A,0.189
Kira Lewis Jr.,10-16A,0.089
Damian Lillard,10-16A,0.044
Nassir Little,10-16A,0.054
Kevon Looney,10-16A,0.086
Brook Lopez,10-16A,0.064
Robin Lopez,10-16A,0.042
Didi Louzada,10-16A,0.077
Kevin Love,10-16A,0.079
Kyle Lowry,10-16A,0.074
Timothé Luwawu-Cabarrot,10-16A,0.028
Trey Lyles,10-16A,0.111
Will Magnay,10-16A,0.0
Thon Maker,10-16A,0.111
Théo Maledon,10-16A,0.107
Karim Mané,10-16A,0.077
Terance Mann,10-16A,0.109
Nico Mannion,10-16A,0.096
Boban Marjanović,10-16A,0.098
Lauri Markkanen,10-16A,0.033
Naji Marshall,10-16A,0.086
Caleb Martin,10-16A,0.012
Cody Martin,10-16A,0.074
Jeremiah Martin,10-16A,0.03
Kelan Martin,10-16A,0.065
Kenyon Martin Jr.,10-16A,0.013
Frank Mason III,10-16A,0.0
Garrison Mathews,10-16A,0.021
Dakota Mathias,10-16A,0.104
Wesley Matthews,10-16A,0.028
Tyrese Maxey,10-16A,0.128
Skylar Mays,10-16A,0.051
Patrick McCaw,10-16A,0.0
CJ McCollum,10-16A,0.14
T.J. McConnell,10-16A,0.188
Jaden McDaniels,10-16A,0.049
Jalen McDaniels,10-16A,0.042
Doug McDermott,10-16A,0.018
Sean McDermott,10-16A,0.061
JaVale McGee,10-16A,0.085
Rodney McGruder,10-16A,0.086
Alfonzo McKinnie,10-16A,0.043
Jordan McLaughlin,10-16A,0.037
Ben McLemore,10-16A,0.022
Nicolò Melli,10-16A,0.078
De'Anthony Melton,10-16A,0.104
Sam Merrill,10-16A,0.056
Chimezie Metu,10-16A,0.151
Khris Middleton,10-16A,0.196
Darius Miller,10-16A,0.042
Patty Mills,10-16A,0.028
Paul Millsap,10-16A,0.08
Shake Milton,10-16A,0.181
Donovan Mitchell,10-16A,0.093
Adam Mokoka,10-16A,0.0
Malik Monk,10-16A,0.065
E'Twaun Moore,10-16A,0.132
Ja Morant,10-16A,0.132
Juwan Morgan,10-16A,0.033
Marcus Morris,10-16A,0.2
Markieff Morris,10-16A,0.119
Monte Morris,10-16A,0.119
Mychal Mulder,10-16A,0.004
Dejounte Murray,10-16A,0.266
Jamal Murray,10-16A,0.145
Mike Muscala,10-16A,0.041
Sviatoslav Mykhailiuk,10-16A,0.04
Abdel Nader,10-16A,0.043
Larry Nance Jr.,10-16A,0.059
Aaron Nesmith,10-16A,0.051
Raul Neto,10-16A,0.105
Georges Niang,10-16A,0.072
Zeke Nnaji,10-16A,0.058
Nerlens Noel,10-16A,0.081
Jaylen Nowell,10-16A,0.125
Frank Ntilikina,10-16A,0.152
Kendrick Nunn,10-16A,0.087
James Nunnally,10-16A,0.0
Jusuf Nurkić,10-16A,0.042
David Nwaba,10-16A,0.023
Jordan Nwora,10-16A,0.096
Royce O'Neale,10-16A,0.01
Semi Ojeleye,10-16A,0.054
Jahlil Okafor,10-16A,0.059
Chuma Okeke,10-16A,0.117
Josh Okogie,10-16A,0.012
Onyeka Okongwu,10-16A,0.06
Isaac Okoro,10-16A,0.023
KZ Okpala,10-16A,0.01
Victor Oladipo,10-16A,0.085
Cameron Oliver,10-16A,0.091
Kelly Olynyk,10-16A,0.03
Miye Oni,10-16A,0.0
Cedi Osman,10-16A,0.051
Daniel Oturu,10-16A,0.096
Kelly Oubre Jr.,10-16A,0.062
Jabari Parker,10-16A,0.109
Eric Paschall,10-16A,0.104
Anžejs Pasečņiks,10-16A,0.0
Patrick Patterson,10-16A,0.042
Justin Patton,10-16A,0.043
Chris Paul,10-16A,0.327
Cameron Payne,10-16A,0.124
Elfrid Payton,10-16A,0.093
Gary Payton II,10-16A,0.0
Norvel Pelle,10-16A,0.0
Reggie Perry,10-16A,0.026
Theo Pinson,10-16A,0.111
Mason Plumlee,10-16A,0.052
Jakob Poeltl,10-16A,0.074
Vincent Poirier,10-16A,0.25
Aleksej Pokusevski,10-16A,0.12
Jordan Poole,10-16A,0.082
Jontay Porter,10-16A,0.067
Kevin Porter Jr.,10-16A,0.095
Michael Porter Jr.,10-16A,0.073
Otto Porter,10-16A,0.11
Bobby Portis,10-16A,0.162
Kristaps Porziņģis,10-16A,0.157
Dwight Powell,10-16A,0.01
Norman Powell,10-16A,0.053
Taurean Prince,10-16A,0.104
Payton Pritchard,10-16A,0.065
Immanuel Quickley,10-16A,0.148
Jahmi'us Ramsey,10-16A,0.105
Chasson Randle,10-16A,0.051
Julius Randle,10-16A,0.201
Cam Reddish,10-16A,0.068
J.J. Redick,10-16A,0.082
Paul Reed,10-16A,0.051
Naz Reid,10-16A,0.017
Cameron Reynolds,10-16A,0.111
Nick Richards,10-16A,0.0
Josh Richardson,10-16A,0.15
Grant Riller,10-16A,0.083
Austin Rivers,10-16A,0.049
Andre Roberson,10-16A,0.0
Duncan Robinson,10-16A,0.022
Glenn Robinson III,10-16A,0.061
Jerome Robinson,10-16A,0.179
Justin Robinson,10-16A,0.048
Mitchell Robinson,10-16A,0.0
Isaiah Roby,10-16A,0.051
Rajon Rondo,10-16A,0.023
Derrick Rose,10-16A,0.164
Terrence Ross,10-16A,0.172
Terry Rozier,10-16A,0.097
Ricky Rubio,10-16A,0.131
D'Angelo Russell,10-16A,0.124
Domantas Sabonis,10-16A,0.076
Luka Šamanić,10-16A,0.029
JaKarr Sampson,10-16A,0.027
Dario Šarić,10-16A,0.073
Tomáš Satoranský,10-16A,0.116
Dennis Schröder,10-16A,0.17
Mike Scott,10-16A,0.052
Jay Scrubb,10-16A,0.083
Collin Sexton,10-16A,0.163
Landry Shamet,10-16A,0.061
Iman Shumpert,10-16A,0.25
Pascal Siakam,10-16A,0.091
Chris Silva,10-16A,0.125
Ben Simmons,10-16A,0.07
Anfernee Simons,10-16A,0.042
Deividas Sirvydis,10-16A,0.025
Alen Smailagić,10-16A,0.0
Marcus Smart,10-16A,0.084
Dennis Smith Jr.,10-16A,0.103
Ish Smith,10-16A,0.215
Jalen Smith,10-16A,0.12
Tony Snell,10-16A,0.111
Ray Spalding,10-16A,0.0
Cassius Stanley,10-16A,0.047
Lamar Stevens,10-16A,0.243
Isaiah Stewart,10-16A,0.066
Max Strus,10-16A,0.0
Edmond Sumner,10-16A,0.035
Jae'Sean Tate,10-16A,0.019
Jayson Tatum,10-16A,0.141
Jeff Teague,10-16A,0.116
Garrett Temple,10-16A,0.073
Tyrell Terry,10-16A,0.063
Daniel Theis,10-16A,0.124
Brodric Thomas,10-16A,0.019
Isaiah Thomas,10-16A,0.148
Khyri Thomas,10-16A,0.061
Matt Thomas,10-16A,0.071
Tristan Thompson,10-16A,0.046
Sindarius Thornwell,10-16A,0.087
Matisse Thybulle,10-16A,0.025
Killian Tillie,10-16A,0.035
Xavier Tillman Sr.,10-16A,0.157
Anthony Tolliver,10-16A,0.0
Obi Toppin,10-16A,0.043
Juan Toscano-Anderson,10-16A,0.0
Axel Toupane,10-16A,0.091
Karl-Anthony Towns,10-16A,0.067
Gary Trent Jr.,10-16A,0.113
P.J. Tucker,10-16A,0.034
Rayjon Tucker,10-16A,0.0
Myles Turner,10-16A,0.028
Jonas Valančiūnas,10-16A,0.087
Denzel Valentine,10-16A,0.154
Jarred Vanderbilt,10-16A,0.017
Fred VanVleet,10-16A,0.069
Anderson Varejão,10-16A,0.125
Devin Vassell,10-16A,0.168
Gabe Vincent,10-16A,0.026
Noah Vonleh,10-16A,0.0
Nikola Vučević,10-16A,0.166
Dean Wade,10-16A,0.032
Moritz Wagner,10-16A,0.009
Kemba Walker,10-16A,0.09
Lonnie Walker,10-16A,0.092
John Wall,10-16A,0.054
Brad Wanamaker,10-16A,0.064
T.J. Warren,10-16A,0.196
P.J. Washington,10-16A,0.036
Yuta Watanabe,10-16A,0.1
Tremont Waters,10-16A,0.083
Paul Watson,10-16A,0.037
Quinndary Weatherspoon,10-16A,0.057
Russell Westbrook,10-16A,0.117
Coby White,10-16A,0.063
Derrick White,10-16A,0.082
Hassan Whiteside,10-16A,0.138
Greg Whittington,10-16A,0.333
Andrew Wiggins,10-16A,0.108
Grant Williams,10-16A,0.053
Kenrich Williams,10-16A,0.102
Lou Williams,10-16A,0.226
Patrick Williams,10-16A,0.133
Robert Williams,10-16A,0.054
Zion Williamson,10-16A,0.012
D.J. Wilson,10-16A,0.083
Dylan Windler,10-16A,0.038
Justise Winslow,10-16A,0.148
Cassius Winston,10-16A,0.121
James Wiseman,10-16A,0.101
Christian Wood,10-16A,0.069
Robert Woodard,10-16A,0.1
Delon Wright,10-16A,0.064
Thaddeus Young,10-16A,0.044
Trae Young,10-16A,0.181
Cody Zeller,10-16A,0.028
Ivica Zubac,10-16A,0.01
Precious Achiuwa,16-3PA,0.026
Jaylen Adams,16-3PA,0.0
Steven Adams,16-3PA,0.0
Bam Adebayo,16-3PA,0.11
LaMarcus Aldridge,16-3PA,0.304
Ty-Shon Alexander,16-3PA,0.167
Nickeil Alexander-Walker,16-3PA,0.081
Grayson Allen,16-3PA,0.019
Jarrett Allen,16-3PA,0.029
Al-Farouq Aminu,16-3PA,0.081
Kyle Anderson,16-3PA,0.076
Giannis Antetokounmpo,16-3PA,0.062
Kostas Antetokounmpo,16-3PA,0.0
Thanasis Antetokounmpo,16-3PA,0.015
Carmelo Anthony,16-3PA,0.205
Cole Anthony,16-3PA,0.083
OG Anunoby,16-3PA,0.027
Ryan Arcidiacono,16-3PA,0.051
Trevor Ariza,16-3PA,0.017
D.J. Augustin,16-3PA,0.047
Deni Avdija,16-3PA,0.035
Deandre Ayton,16-3PA,0.045
Udoka Azubuike,16-3PA,0.0
Dwayne Bacon,16-3PA,0.11
Marvin Bagley III,16-3PA,0.024
LaMelo Ball,16-3PA,0.04
Lonzo Ball,16-3PA,0.077
Mo Bamba,16-3PA,0.073
Desmond Bane,16-3PA,0.054
Harrison Barnes,16-3PA,0.003
RJ Barrett,16-3PA,0.069
Will Barton,16-3PA,0.067
Keita Bates-Diop,16-3PA,0.03
Nicolas Batum,16-3PA,0.085
Aron Baynes,16-3PA,0.039
Kent Bazemore,16-3PA,0.087
Darius Bazley,16-3PA,0.043
Bradley Beal,16-3PA,0.136
Malik Beasley,16-3PA,0.05
Jordan Bell,16-3PA,0.045
DeAndre' Bembry,16-3PA,0.013
Dāvis Bertāns,16-3PA,0.017
Patrick Beverley,16-3PA,0.023
Saddiq Bey,16-3PA,0.03
Tyler Bey,16-3PA,0.045
Khem Birch,16-3PA,0.047
Goga Bitadze,16-3PA,0.01
Bismack Biyombo,16-3PA,0.004
Nemanja Bjelica,16-3PA,0.02
Eric Bledsoe,16-3PA,0.078
Keljin Blevins,16-3PA,0.0
Bogdan Bogdanović,16-3PA,0.071
Bojan Bogdanović,16-3PA,0.016
Bol Bol,16-3PA,0.121
Marques Bolden,16-3PA,0.0
Jordan Bone,16-3PA,0.278
Isaac Bonga,16-3PA,0.0
Devin Booker,16-3PA,0.139
Chris Boucher,16-3PA,0.03
Brian Bowen,16-3PA,0.5
Avery Bradley,16-3PA,0.117
Tony Bradley,16-3PA,0.046
Jarrell Brantley,16-3PA,0.019
Ignas Brazdeikis,16-3PA,0.096
Mikal Bridges,16-3PA,0.034
Miles Bridges,16-3PA,0.035
Amida Brimah,16-3PA,0.0
Oshae Brissett,16-3PA,0.013
Malcolm Brogdon,16-3PA,0.117
Armoni Brooks,16-3PA,0.0
Dillon Brooks,16-3PA,0.088
Bruce Brown,16-3PA,0.005
Charlie Brown,16-3PA,0.116
Jaylen Brown,16-3PA,0.086
Moses Brown,16-3PA,0.0
Sterling Brown,16-3PA,0.033
Troy Brown Jr.,16-3PA,0.146
Jalen Brunson,16-3PA,0.078
Elijah Bryant,16-3PA,0.077
Thomas Bryant,16-3PA,0.077
Reggie Bullock,16-3PA,0.091
Trey Burke,16-3PA,0.142
Alec Burks,16-3PA,0.096
Jimmy Butler,16-3PA,0.079
Bruno Caboclo,16-3PA,0.0
Devontae Cacok,16-3PA,0.0
Kentavious Caldwell-Pope,16-3PA,0.103
Facundo Campazzo,16-3PA,0.019
Vlatko Čančar,16-3PA,0.014
Devin Cannady,16-3PA,0.143
Clint Capela,16-3PA,0.004
Vernon Carey Jr.,16-3PA,0.167
Jevon Carter,16-3PA,0.121
Wendell Carter Jr.,16-3PA,0.074
Michael Carter-Williams,16-3PA,0.059
Alex Caruso,16-3PA,0.059
Willie Cauley-Stein,16-3PA,0.022
Chris Chiozza,16-3PA,0.091
Marquese Chriss,16-3PA,0.0
Gary Clark,16-3PA,0.023
Brandon Clarke,16-3PA,0.022
Jordan Clarkson,16-3PA,0.008
Nicolas Claxton,16-3PA,0.014
Amir Coffey,16-3PA,0.039
John Collins,16-3PA,0.049
Mike Conley,16-3PA,0.041
Pat Connaughton,16-3PA,0.018
Quinn Cook,16-3PA,0.191
Tyler Cook,16-3PA,0.0
DeMarcus Cousins,16-3PA,0.026
Robert Covington,16-3PA,0.029
Torrey Craig,16-3PA,0.044
Jae Crowder,16-3PA,0.073
Jarrett Culver,16-3PA,0.018
Seth Curry,16-3PA,0.203
Stephen Curry,16-3PA,0.069
Nate Darling,16-3PA,0.0
Anthony Davis,16-3PA,0.158
Ed Davis,16-3PA,0.0
Terence Davis,16-3PA,0.033
Gabriel Deck,16-3PA,0.119
Dewayne Dedmon,16-3PA,0.046
Matthew Dellavedova,16-3PA,0.0
DeMar DeRozan,16-3PA,0.178
Mamadi Diakite,16-3PA,0.125
Hamidou Diallo,16-3PA,0.087
Gorgui Dieng,16-3PA,0.049
Spencer Dinwiddie,16-3PA,0.0
Donte DiVincenzo,16-3PA,0.033
Luka Dončić,16-3PA,0.06
Luguentz Dort,16-3PA,0.02
Damyean Dotson,16-3PA,0.137
Devon Dotson,16-3PA,0.095
Sekou Doumbouya,16-3PA,0.011
PJ Dozier,16-3PA,0.079
Goran Dragić,16-3PA,0.049
Andre Drummond,16-3PA,0.007
Jared Dudley,16-3PA,0.111
Kris Dunn,16-3PA,0.083
Kevin Durant,16-3PA,0.129
Anthony Edwards,16-3PA,0.072
Carsen Edwards,16-3PA,0.126
CJ Elleby,16-3PA,0.076
Henry Ellenson,16-3PA,0.0
Wayne Ellington,16-3PA,0.044
Joel Embiid,16-3PA,0.137
James Ennis,16-3PA,0.033
Drew Eubanks,16-3PA,0.059
Dante Exum,16-3PA,0.0
Tacko Fall,16-3PA,0.034
Derrick Favors,16-3PA,0.053
Cristiano Felício,16-3PA,0.077
Terrance Ferguson,16-3PA,0.143
Bruno Fernando,16-3PA,0.045
Yogi Ferrell,16-3PA,0.088
Dorian Finney-Smith,16-3PA,0.019
Malik Fitts,16-3PA,0.0
Malachi Flynn,16-3PA,0.097
Bryn Forbes,16-3PA,0.142
Trent Forrest,16-3PA,0.014
Evan Fournier,16-3PA,0.092
De'Aaron Fox,16-3PA,0.095
Robert Franks,16-3PA,0.071
Tim Frazier,16-3PA,0.1
Markelle Fultz,16-3PA,0.183
Wenyen Gabriel,16-3PA,0.0
Daniel Gafford,16-3PA,0.018
Danilo Gallinari,16-3PA,0.141
Langston Galloway,16-3PA,0.116
Darius Garland,16-3PA,0.05
Marc Gasol,16-3PA,0.026
Rudy Gay,16-3PA,0.126
Paul George,16-3PA,0.12
Taj Gibson,16-3PA,0.038
Harry Giles,16-3PA,0.093
Shai Gilgeous-Alexander,16-3PA,0.044
Anthony Gill,16-3PA,0.017
Freddie Gillespie,16-3PA,0.0
Rudy Gobert,16-3PA,0.009
Brandon Goodwin,16-3PA,0.049
Aaron Gordon,16-3PA,0.066
Eric Gordon,16-3PA,0.005
Devonte' Graham,16-3PA,0.088
Jerami Grant,16-3PA,0.143
Danny Green,16-3PA,0.033
Draymond Green,16-3PA,0.053
JaMychal Green,16-3PA,0.037
Javonte Green,16-3PA,0.0
Jeff Green,16-3PA,0.026
Josh Green,16-3PA,0.086
Blake Griffin,16-3PA,0.032
Kyle Guy,16-3PA,0.057
Rui Hachimura,16-3PA,0.176
Ashton Hagans,16-3PA,0.0
Tyrese Haliburton,16-3PA,0.087
Donta Hall,16-3PA,0.029
Josh Hall,16-3PA,0.03
R.J. Hampton,16-3PA,0.086
Tim Hardaway Jr.,16-3PA,0.088
James Harden,16-3PA,0.01
Maurice Harkless,16-3PA,0.048
Jared Harper,16-3PA,0.0
Montrezl Harrell,16-3PA,0.033
Gary Harris,16-3PA,0.099
Jalen Harris,16-3PA,0.069
Joe Harris,16-3PA,0.054
Tobias Harris,16-3PA,0.098
Shaquille Harrison,16-3PA,0.064
Josh Hart,16-3PA,0.049
Isaiah Hartenstein,16-3PA,0.012
Udonis Haslem,16-3PA,0.0
Jaxson Hayes,16-3PA,0.021
Killian Hayes,16-3PA,0.055
Gordon Hayward,16-3PA,0.117
Juan Hernangómez,16-3PA,0.0
Willy Hernangómez,16-3PA,0.011
Tyler Herro,16-3PA,0.143
Buddy Hield,16-3PA,0.063
George Hill,16-3PA,0.076
Solomon Hill,16-3PA,0.027
Nate Hinton,16-3PA,0.214
Jaylen Hoard,16-3PA,0.011
Aaron Holiday,16-3PA,0.05
Jrue Holiday,16-3PA,0.069
Justin Holiday,16-3PA,0.05
Rondae Hollis-Jefferson,16-3PA,0.0
Richaun Holmes,16-3PA,0.035
Rodney Hood,16-3PA,0.119
Al Horford,16-3PA,0.083
Talen Horton-Tucker,16-3PA,0.037
Danuel House,16-3PA,0.063
Dwight Howard,16-3PA,0.033
Markus Howard,16-3PA,0.085
Kevin Huerter,16-3PA,0.044
Elijah Hughes,16-3PA,0.067
De'Andre Hunter,16-3PA,0.109
Chandler Hutchison,16-3PA,0.029
Serge Ibaka,16-3PA,0.088
Andre Iguodala,16-3PA,0.036
Ersan İlyasova,16-3PA,0.074
Joe Ingles,16-3PA,0.011
Brandon Ingram,16-3PA,0.176
Kyrie Irving,16-3PA,0.101
Wesley Iwundu,16-3PA,0.029
Frank Jackson,16-3PA,0.038
Jaren Jackson Jr.,16-3PA,0.008
Josh Jackson,16-3PA,0.085
Justin Jackson,16-3PA,0.027
Reggie Jackson,16-3PA,0.07
Justin James,16-3PA,0.054
LeBron James,16-3PA,0.113
Mike James,16-3PA,0.109
DaQuan Jeffries,16-3PA,0.05
Ty Jerome,16-3PA,0.042
Isaiah Joe,16-3PA,0.075
Alize Johnson,16-3PA,0.0
Cameron Johnson,16-3PA,0.043
James Johnson,16-3PA,0.015
Keldon Johnson,16-3PA,0.03
Stanley Johnson,16-3PA,0.017
Tyler Johnson,16-3PA,0.077
Nikola Jokić,16-3PA,0.082
Damian Jones,16-3PA,0.049
Derrick Jones Jr.,16-3PA,0.003
Mason Jones,16-3PA,0.073
Tre Jones,16-3PA,0.013
Tyus Jones,16-3PA,0.046
DeAndre Jordan,16-3PA,0.008
Cory Joseph,16-3PA,0.075
Mfiondu Kabengele,16-3PA,0.022
Frank Kaminsky,16-3PA,0.047
Enes Kanter,16-3PA,0.007
Luke Kennard,16-3PA,0.133
Louis King,16-3PA,0.0
Maxi Kleber,16-3PA,0.025
Nathan Knight,16-3PA,0.01
Kevin Knox,16-3PA,0.084
John Konchar,16-3PA,0.014
Furkan Korkmaz,16-3PA,0.075
Luke Kornet,16-3PA,0.01
Rodions Kurucs,16-3PA,0.031
Kyle Kuzma,16-3PA,0.07
Anthony Lamb,16-3PA,0.0
Jeremy Lamb,16-3PA,0.047
Romeo Langford,16-3PA,0.068
Zach LaVine,16-3PA,0.11
Jake Layman,16-3PA,0.022
T.J. Leaf,16-3PA,0.0
Jalen Lecque,16-3PA,0.222
Damion Lee,16-3PA,0.029
Saben Lee,16-3PA,0.014
Alex Len,16-3PA,0.0
Kawhi Leonard,16-3PA,0.131
Meyers Leonard,16-3PA,0.0
Caris LeVert,16-3PA,0.064
Kira Lewis Jr.,16-3PA,0.036
Damian Lillard,16-3PA,0.094
Nassir Little,16-3PA,0.084
Kevon Looney,16-3PA,0.056
Brook Lopez,16-3PA,0.023
Robin Lopez,16-3PA,0.0
Didi Louzada,16-3PA,0.0
Kevin Love,16-3PA,0.063
Kyle Lowry,16-3PA,0.092
Timothé Luwawu-Cabarrot,16-3PA,0.031
Trey Lyles,16-3PA,0.033
Will Magnay,16-3PA,0.0
Thon Maker,16-3PA,0.056
Théo Maledon,16-3PA,0.047
Karim Mané,16-3PA,0.0
Terance Mann,16-3PA,0.051
Nico Mannion,16-3PA,0.079
Boban Marjanović,16-3PA,0.041
Lauri Markkanen,16-3PA,0.013
Naji Marshall,16-3PA,0.033
Caleb Martin,16-3PA,0.121
Cody Martin,16-3PA,0.064
Jeremiah Martin,16-3PA,0.091
Kelan Martin,16-3PA,0.08
Kenyon Martin Jr.,16-3PA,0.003
Frank Mason III,16-3PA,0.042
Garrison Mathews,16-3PA,0.046
Dakota Mathias,16-3PA,0.271
Wesley Matthews,16-3PA,0.036
Tyrese Maxey,16-3PA,0.131
Skylar Mays,16-3PA,0.071
Patrick McCaw,16-3PA,0.0
CJ McCollum,16-3PA,0.127
T.J. McConnell,16-3PA,0.043
Jaden McDaniels,16-3PA,0.044
Jalen McDaniels,16-3PA,0.011
Doug McDermott,16-3PA,0.014
Sean McDermott,16-3PA,0.0
JaVale McGee,16-3PA,0.018
Rodney McGruder,16-3PA,0.029
Alfonzo McKinnie,16-3PA,0.065
Jordan McLaughlin,16-3PA,0.008
Ben McLemore,16-3PA,0.071
Nicolò Melli,16-3PA,0.071
De'Anthony Melton,16-3PA,0.041
Sam Merrill,16-3PA,0.069
Chimezie Metu,16-3PA,0.112
Khris Middleton,16-3PA,0.168
Darius Miller,16-3PA,0.063
Patty Mills,16-3PA,0.101
Paul Millsap,16-3PA,0.01
Shake Milton,16-3PA,0.106
Donovan Mitchell,16-3PA,0.108
Adam Mokoka,16-3PA,0.0
Malik Monk,16-3PA,0.05
E'Twaun Moore,16-3PA,0.091
Ja Morant,16-3PA,0.02
Juwan Morgan,16-3PA,0.0
Marcus Morris,16-3PA,0.113
Markieff Morris,16-3PA,0.058
Monte Morris,16-3PA,0.114
Mychal Mulder,16-3PA,0.008
Dejounte Murray,16-3PA,0.131
Jamal Murray,16-3PA,0.188
Mike Muscala,16-3PA,0.064
Sviatoslav Mykhailiuk,16-3PA,0.026
Abdel Nader,16-3PA,0.009
Larry Nance Jr.,16-3PA,0.048
Aaron Nesmith,16-3PA,0.011
Raul Neto,16-3PA,0.04
Georges Niang,16-3PA,0.012
Zeke Nnaji,16-3PA,0.029
Nerlens Noel,16-3PA,0.018
Jaylen Nowell,16-3PA,0.072
Frank Ntilikina,16-3PA,0.127
Kendrick Nunn,16-3PA,0.078
James Nunnally,16-3PA,0.077
Jusuf Nurkić,16-3PA,0.033
David Nwaba,16-3PA,0.0
Jordan Nwora,16-3PA,0.119
Royce O'Neale,16-3PA,0.013
Semi Ojeleye,16-3PA,0.023
Jahlil Okafor,16-3PA,0.029
Chuma Okeke,16-3PA,0.136
Josh Okogie,16-3PA,0.02
Onyeka Okongwu,16-3PA,0.027
Isaac Okoro,16-3PA,0.02
KZ Okpala,16-3PA,0.021
Victor Oladipo,16-3PA,0.097
Cameron Oliver,16-3PA,0.0
Kelly Olynyk,16-3PA,0.022
Miye Oni,16-3PA,0.0
Cedi Osman,16-3PA,0.015
Daniel Oturu,16-3PA,0.077
Kelly Oubre Jr.,16-3PA,0.04
Jabari Parker,16-3PA,0.164
Eric Paschall,16-3PA,0.185
Anžejs Pasečņiks,16-3PA,0.0
Patrick Patterson,16-3PA,0.018
Justin Patton,16-3PA,0.057
Chris Paul,16-3PA,0.208
Cameron Payne,16-3PA,0.043
Elfrid Payton,16-3PA,0.042
Gary Payton II,16-3PA,0.0
Norvel Pelle,16-3PA,0.0
Reggie Perry,16-3PA,0.013
Theo Pinson,16-3PA,0.0
Mason Plumlee,16-3PA,0.05
Jakob Poeltl,16-3PA,0.012
Vincent Poirier,16-3PA,0.167
Aleksej Pokusevski,16-3PA,0.088
Jordan Poole,16-3PA,0.055
Jontay Porter,16-3PA,0.133
Kevin Porter Jr.,16-3PA,0.076
Michael Porter Jr.,16-3PA,0.102
Otto Porter,16-3PA,0.141
Bobby Portis,16-3PA,0.117
Kristaps Porziņģis,16-3PA,0.089
Dwight Powell,16-3PA,0.0
Norman Powell,16-3PA,0.038
Taurean Prince,16-3PA,0.058
Payton Pritchard,16-3PA,0.057
Immanuel Quickley,16-3PA,0.062
Jahmi'us Ramsey,16-3PA,0.026
Chasson Randle,16-3PA,0.068
Julius Randle,16-3PA,0.167
Cam Reddish,16-3PA,0.049
J.J. Redick,16-3PA,0.221
Paul Reed,16-3PA,0.077
Naz Reid,16-3PA,0.002
Cameron Reynolds,16-3PA,0.0
Nick Richards,16-3PA,0.0
Josh Richardson,16-3PA,0.097
Grant Riller,16-3PA,0.333
Austin Rivers,16-3PA,0.008
Andre Roberson,16-3PA,0.0
Duncan Robinson,16-3PA,0.014
Glenn Robinson III,16-3PA,0.04
Jerome Robinson,16-3PA,0.147
Justin Robinson,16-3PA,0.095
Mitchell Robinson,16-3PA,0.0
Isaiah Roby,16-3PA,0.016
Rajon Rondo,16-3PA,0.042
Derrick Rose,16-3PA,0.147
Terrence Ross,16-3PA,0.216
Terry Rozier,16-3PA,0.066
Ricky Rubio,16-3PA,0.07
D'Angelo Russell,16-3PA,0.161
Domantas Sabonis,16-3PA,0.054
Luka Šamanić,16-3PA,0.029
JaKarr Sampson,16-3PA,0.035
Dario Šarić,16-3PA,0.035
Tomáš Satoranský,16-3PA,0.052
Dennis Schröder,16-3PA,0.086
Mike Scott,16-3PA,0.052
Jay Scrubb,16-3PA,0.194
Collin Sexton,16-3PA,0.074
Landry Shamet,16-3PA,0.039
Iman Shumpert,16-3PA,0.0
Pascal Siakam,16-3PA,0.088
Chris Silva,16-3PA,0.063
Ben Simmons,16-3PA,0.003
Anfernee Simons,16-3PA,0.065
Deividas Sirvydis,16-3PA,0.025
Alen Smailagić,16-3PA,0.0
Marcus Smart,16-3PA,0.055
Dennis Smith Jr.,16-3PA,0.138
Ish Smith,16-3PA,0.229
Jalen Smith,16-3PA,0.0
Tony Snell,16-3PA,0.023
Ray Spalding,16-3PA,0.0
Cassius Stanley,16-3PA,0.0
Lamar Stevens,16-3PA,0.059
Isaiah Stewart,16-3PA,0.034
Max Strus,16-3PA,0.005
Edmond Sumner,16-3PA,0.014
Jae'Sean Tate,16-3PA,0.011
Jayson Tatum,16-3PA,0.088
Jeff Teague,16-3PA,0.081
Garrett Temple,16-3PA,0.079
Tyrell Terry,16-3PA,0.063
Daniel Theis,16-3PA,0.077
Brodric Thomas,16-3PA,0.13
Isaiah Thomas,16-3PA,0.148
Khyri Thomas,16-3PA,0.136
Matt Thomas,16-3PA,0.173
Tristan Thompson,16-3PA,0.006
Sindarius Thornwell,16-3PA,0.022
Matisse Thybulle,16-3PA,0.008
Killian Tillie,16-3PA,0.018
Xavier Tillman Sr.,16-3PA,0.023
Anthony Tolliver,16-3PA,0.059
Obi Toppin,16-3PA,0.029
Juan Toscano-Anderson,16-3PA,0.01
Axel Toupane,16-3PA,0.182
Karl-Anthony Towns,16-3PA,0.05
Gary Trent Jr.,16-3PA,0.122
P.J. Tucker,16-3PA,0.011
Rayjon Tucker,16-3PA,0.056
Myles Turner,16-3PA,0.019
Jonas Valančiūnas,16-3PA,0.024
Denzel Valentine,16-3PA,0.058
Jarred Vanderbilt,16-3PA,0.0
Fred VanVleet,16-3PA,0.095
Anderson Varejão,16-3PA,0.25
Devin Vassell,16-3PA,0.125
Gabe Vincent,16-3PA,0.034
Noah Vonleh,16-3PA,0.0
Nikola Vučević,16-3PA,0.125
Dean Wade,16-3PA,0.026
Moritz Wagner,16-3PA,0.017
Kemba Walker,16-3PA,0.105
Lonnie Walker,16-3PA,0.11
John Wall,16-3PA,0.171
Brad Wanamaker,16-3PA,0.114
T.J. Warren,16-3PA,0.196
P.J. Washington,16-3PA,0.025
Yuta Watanabe,16-3PA,0.006
Tremont Waters,16-3PA,0.071
Paul Watson,16-3PA,0.0
Quinndary Weatherspoon,16-3PA,0.171
Russell Westbrook,16-3PA,0.224
Coby White,16-3PA,0.104
Derrick White,16-3PA,0.029
Hassan Whiteside,16-3PA,0.036
Greg Whittington,16-3PA,0.0
Andrew Wiggins,16-3PA,0.129
Grant Williams,16-3PA,0.02
Kenrich Williams,16-3PA,0.083
Lou Williams,16-3PA,0.172
Patrick Williams,16-3PA,0.138
Robert Williams,16-3PA,0.05
Zion Williamson,16-3PA,0.002
D.J. Wilson,16-3PA,0.077
Dylan Windler,16-3PA,0.0
Justise Winslow,16-3PA,0.1
Cassius Winston,16-3PA,0.182
James Wiseman,16-3PA,0.155
Christian Wood,16-3PA,0.078
Robert Woodard,16-3PA,0.1
Delon Wright,16-3PA,0.014
Thaddeus Young,16-3PA,0.018
Trae Young,16-3PA,0.075
Cody Zeller,16-3PA,0.012
Ivica Zubac,16-3PA,0.01
Precious Achiuwa,3PA,0.004
Jaylen Adams,3PA,0.25
Steven Adams,3PA,0.01
Bam Adebayo,3PA,0.01
LaMarcus Aldridge,3PA,0.27
Ty-Shon Alexander,3PA,0.75
Nickeil Alexander-Walker,3PA,0.478
Grayson Allen,3PA,0.662
Jarrett Allen,3PA,0.039
Al-Farouq Aminu,3PA,0.374
Kyle Anderson,3PA,0.397
Giannis Antetokounmpo,3PA,0.201
Kostas Antetokounmpo,3PA,0.0
Thanasis Antetokounmpo,3PA,0.212
Carmelo Anthony,3PA,0.418
Cole Anthony,3PA,0.312
OG Anunoby,3PA,0.503
Ryan Arcidiacono,3PA,0.573
Trevor Ariza,3PA,0.593
D.J. Augustin,3PA,0.633
Deni Avdija,3PA,0.538
Deandre Ayton,3PA,0.029
Udoka Azubuike,3PA,0.0
Dwayne Bacon,3PA,0.285
Marvin Bagley III,3PA,0.22
LaMelo Ball,3PA,0.388
Lonzo Ball,3PA,0.65
Mo Bamba,3PA,0.392
Desmond Bane,3PA,0.543
Harrison Barnes,3PA,0.399
RJ Barrett,3PA,0.292
Will Barton,3PA,0.423
Keita Bates-Diop,3PA,0.254
Nicolas Batum,3PA,0.66
Aron Baynes,3PA,0.339
Kent Bazemore,3PA,0.469
Darius Bazley,3PA,0.414
Bradley Beal,3PA,0.27
Malik Beasley,3PA,0.535
Jordan Bell,3PA,0.091
DeAndre' Bembry,3PA,0.232
Dāvis Bertāns,3PA,0.895
Patrick Beverley,3PA,0.641
Saddiq Bey,3PA,0.666
Tyler Bey,3PA,0.182
Khem Birch,3PA,0.137
Goga Bitadze,3PA,0.407
Bismack Biyombo,3PA,0.004
Nemanja Bjelica,3PA,0.434
Eric Bledsoe,3PA,0.486
Keljin Blevins,3PA,0.4
Bogdan Bogdanović,3PA,0.589
Bojan Bogdanović,3PA,0.498
Bol Bol,3PA,0.414
Marques Bolden,3PA,0.0
Jordan Bone,3PA,0.593
Isaac Bonga,3PA,0.58
Devin Booker,3PA,0.288
Chris Boucher,3PA,0.42
Brian Bowen,3PA,0.25
Avery Bradley,3PA,0.591
Tony Bradley,3PA,0.015
Jarrell Brantley,3PA,0.538
Ignas Brazdeikis,3PA,0.337
Mikal Bridges,3PA,0.471
Miles Bridges,3PA,0.466
Amida Brimah,3PA,0.0
Oshae Brissett,3PA,0.517
Malcolm Brogdon,3PA,0.382
Armoni Brooks,3PA,0.818
Dillon Brooks,3PA,0.361
Bruce Brown,3PA,0.139
Charlie Brown,3PA,0.488
Jaylen Brown,3PA,0.37
Moses Brown,3PA,0.0
Sterling Brown,3PA,0.642
Troy Brown Jr.,3PA,0.486
Jalen Brunson,3PA,0.319
Elijah Bryant,3PA,0.385
Thomas Bryant,3PA,0.231
Reggie Bullock,3PA,0.709
Trey Burke,3PA,0.465
Alec Burks,3PA,0.492
Jimmy Butler,3PA,0.139
Bruno Caboclo,3PA,0.294
Devontae Cacok,3PA,0.0
Kentavious Caldwell-Pope,3PA,0.579
Facundo Campazzo,3PA,0.686
Vlatko Čančar,3PA,0.458
Devin Cannady,3PA,0.571
Clint Capela,3PA,0.0
Vernon Carey Jr.,3PA,0.194
Jevon Carter,3PA,0.677
Wendell Carter Jr.,3PA,0.112
Michael Carter-Williams,3PA,0.226
Alex Caruso,3PA,0.449
Willie Cauley-Stein,3PA,0.06
Chris Chiozza,3PA,0.477
Marquese Chriss,3PA,0.357
Gary Clark,3PA,0.818
Brandon Clarke,3PA,0.156
Jordan Clarkson,3PA,0.557
Nicolas Claxton,3PA,0.034
Amir Coffey,3PA,0.544
John Collins,3PA,0.27
Mike Conley,3PA,0.523
Pat Connaughton,3PA,0.703
Quinn Cook,3PA,0.382
Tyler Cook,3PA,0.019
DeMarcus Cousins,3PA,0.443
Robert Covington,3PA,0.699
Torrey Craig,3PA,0.467
Jae Crowder,3PA,0.772
Jarrett Culver,3PA,0.315
Seth Curry,3PA,0.507
Stephen Curry,3PA,0.587
Nate Darling,3PA,1.0
Anthony Davis,3PA,0.163
Ed Davis,3PA,0.0
Terence Davis,3PA,0.586
Gabriel Deck,3PA,0.224
Dewayne Dedmon,3PA,0.077
Matthew Dellavedova,3PA,0.446
DeMar DeRozan,3PA,0.08
Mamadi Diakite,3PA,0.2
Hamidou Diallo,3PA,0.174
Gorgui Dieng,3PA,0.429
Spencer Dinwiddie,3PA,0.438
Donte DiVincenzo,3PA,0.574
Luka Dončić,3PA,0.406
Luguentz Dort,3PA,0.515
Damyean Dotson,3PA,0.543
Devon Dotson,3PA,0.333
Sekou Doumbouya,3PA,0.408
PJ Dozier,3PA,0.42
Goran Dragić,3PA,0.44
Andre Drummond,3PA,0.014
Jared Dudley,3PA,0.667
Kris Dunn,3PA,0.167
Kevin Durant,3PA,0.313
Anthony Edwards,3PA,0.429
Carsen Edwards,3PA,0.568
CJ Elleby,3PA,0.515
Henry Ellenson,3PA,0.643
Wayne Ellington,3PA,0.814
Joel Embiid,3PA,0.171
James Ennis,3PA,0.428
Drew Eubanks,3PA,0.01
Dante Exum,3PA,0.423
Tacko Fall,3PA,0.0
Derrick Favors,3PA,0.008
Cristiano Felício,3PA,0.154
Terrance Ferguson,3PA,0.714
Bruno Fernando,3PA,0.045
Yogi Ferrell,3PA,0.491
Dorian Finney-Smith,3PA,0.648
Malik Fitts,3PA,0.667
Malachi Flynn,3PA,0.494
Bryn Forbes,3PA,0.645
Trent Forrest,3PA,0.366
Evan Fournier,3PA,0.523
De'Aaron Fox,3PA,0.288
Robert Franks,3PA,0.536
Tim Frazier,3PA,0.4
Markelle Fultz,3PA,0.154
Wenyen Gabriel,3PA,0.533
Daniel Gafford,3PA,0.0
Danilo Gallinari,3PA,0.535
Langston Galloway,3PA,0.578
Darius Garland,3PA,0.332
Marc Gasol,3PA,0.629
Rudy Gay,3PA,0.443
Paul George,3PA,0.437
Taj Gibson,3PA,0.095
Harry Giles,3PA,0.237
Shai Gilgeous-Alexander,3PA,0.301
Anthony Gill,3PA,0.4
Freddie Gillespie,3PA,0.0
Rudy Gobert,3PA,0.007
Brandon Goodwin,3PA,0.462
Aaron Gordon,3PA,0.353
Eric Gordon,3PA,0.572
Devonte' Graham,3PA,0.713
Jerami Grant,3PA,0.353
Danny Green,3PA,0.794
Draymond Green,3PA,0.332
JaMychal Green,3PA,0.529
Javonte Green,3PA,0.294
Jeff Green,3PA,0.472
Josh Green,3PA,0.269
Blake Griffin,3PA,0.499
Kyle Guy,3PA,0.523
Rui Hachimura,3PA,0.211
Ashton Hagans,3PA,0.0
Tyrese Haliburton,3PA,0.478
Donta Hall,3PA,0.0
Josh Hall,3PA,0.374
R.J. Hampton,3PA,0.278
Tim Hardaway Jr.,3PA,0.581
James Harden,3PA,0.455
Maurice Harkless,3PA,0.509
Jared Harper,3PA,0.25
Montrezl Harrell,3PA,0.017
Gary Harris,3PA,0.409
Jalen Harris,3PA,0.5
Joe Harris,3PA,0.628
Tobias Harris,3PA,0.225
Shaquille Harrison,3PA,0.205
Josh Hart,3PA,0.561
Isaiah Hartenstein,3PA,0.035
Udonis Haslem,3PA,0.0
Jaxson Hayes,3PA,0.05
Killian Hayes,3PA,0.358
Gordon Hayward,3PA,0.312
Juan Hernangómez,3PA,0.562
Willy Hernangómez,3PA,0.037
Tyler Herro,3PA,0.425
Buddy Hield,3PA,0.727
George Hill,3PA,0.406
Solomon Hill,3PA,0.711
Nate Hinton,3PA,0.452
Jaylen Hoard,3PA,0.125
Aaron Holiday,3PA,0.417
Jrue Holiday,3PA,0.344
Justin Holiday,3PA,0.725
Rondae Hollis-Jefferson,3PA,0.056
Richaun Holmes,3PA,0.019
Rodney Hood,3PA,0.435
Al Horford,3PA,0.422
Talen Horton-Tucker,3PA,0.268
Danuel House,3PA,0.574
Dwight Howard,3PA,0.066
Markus Howard,3PA,0.613
Kevin Huerter,3PA,0.528
Elijah Hughes,3PA,0.767
De'Andre Hunter,3PA,0.383
Chandler Hutchison,3PA,0.214
Serge Ibaka,3PA,0.315
Andre Iguodala,3PA,0.734
Ersan İlyasova,3PA,0.759
Joe Ingles,3PA,0.722
Brandon Ingram,3PA,0.341
Kyrie Irving,3PA,0.348
Wesley Iwundu,3PA,0.402
Frank Jackson,3PA,0.512
Jaren Jackson Jr.,3PA,0.48
Josh Jackson,3PA,0.364
Justin Jackson,3PA,0.529
Reggie Jackson,3PA,0.482
Justin James,3PA,0.342
LeBron James,3PA,0.346
Mike James,3PA,0.337
DaQuan Jeffries,3PA,0.558
Ty Jerome,3PA,0.585
Isaiah Joe,3PA,0.797
Alize Johnson,3PA,0.088
Cameron Johnson,3PA,0.694
James Johnson,3PA,0.367
Keldon Johnson,3PA,0.257
Stanley Johnson,3PA,0.588
Tyler Johnson,3PA,0.721
Nikola Jokić,3PA,0.183
Damian Jones,3PA,0.049
Derrick Jones Jr.,3PA,0.447
Mason Jones,3PA,0.537
Tre Jones,3PA,0.064
Tyus Jones,3PA,0.339
DeAndre Jordan,3PA,0.004
Cory Joseph,3PA,0.31
Mfiondu Kabengele,3PA,0.562
Frank Kaminsky,3PA,0.331
Enes Kanter,3PA,0.007
Luke Kennard,3PA,0.541
Louis King,3PA,0.324
Maxi Kleber,3PA,0.771
Nathan Knight,3PA,0.33
Kevin Knox,3PA,0.622
John Konchar,3PA,0.406
Furkan Korkmaz,3PA,0.634
Luke Kornet,3PA,0.584
Rodions Kurucs,3PA,0.656
Kyle Kuzma,3PA,0.502
Anthony Lamb,3PA,0.602
Jeremy Lamb,3PA,0.464
Romeo Langford,3PA,0.305
Zach LaVine,3PA,0.425
Jake Layman,3PA,0.424
T.J. Leaf,3PA,0.0
Jalen Lecque,3PA,0.111
Damion Lee,3PA,0.708
Saben Lee,3PA,0.11
Alex Len,3PA,0.09
Kawhi Leonard,3PA,0.28
Meyers Leonard,3PA,1.0
Caris LeVert,3PA,0.317
Kira Lewis Jr.,3PA,0.356
Damian Lillard,3PA,0.528
Nassir Little,3PA,0.479
Kevon Looney,3PA,0.086
Brook Lopez,3PA,0.439
Robin Lopez,3PA,0.042
Didi Louzada,3PA,0.615
Kevin Love,3PA,0.619
Kyle Lowry,3PA,0.555
Timothé Luwawu-Cabarrot,3PA,0.671
Trey Lyles,3PA,0.444
Will Magnay,3PA,1.0
Thon Maker,3PA,0.111
Théo Maledon,3PA,0.51
Karim Mané,3PA,0.154
Terance Mann,3PA,0.26
Nico Mannion,3PA,0.526
Boban Marjanović,3PA,0.066
Lauri Markkanen,3PA,0.568
Naji Marshall,3PA,0.397
Caleb Martin,3PA,0.488
Cody Martin,3PA,0.309
Jeremiah Martin,3PA,0.364
Kelan Martin,3PA,0.435
Kenyon Martin Jr.,3PA,0.302
Frank Mason III,3PA,0.208
Garrison Mathews,3PA,0.835
Dakota Mathias,3PA,0.542
Wesley Matthews,3PA,0.782
Tyrese Maxey,3PA,0.24
Skylar Mays,3PA,0.408
Patrick McCaw,3PA,0.0
CJ McCollum,3PA,0.475
T.J. McConnell,3PA,0.098
Jaden McDaniels,3PA,0.54
Jalen McDaniels,3PA,0.37
Doug McDermott,3PA,0.43
Sean McDermott,3PA,0.667
JaVale McGee,3PA,0.085
Rodney McGruder,3PA,0.343
Alfonzo McKinnie,3PA,0.419
Jordan McLaughlin,3PA,0.38
Ben McLemore,3PA,0.767
Nicolò Melli,3PA,0.603
De'Anthony Melton,3PA,0.537
Sam Merrill,3PA,0.653
Chimezie Metu,3PA,0.207
Khris Middleton,3PA,0.34
Darius Miller,3PA,0.875
Patty Mills,3PA,0.702
Paul Millsap,3PA,0.357
Shake Milton,3PA,0.304
Donovan Mitchell,3PA,0.423
Adam Mokoka,3PA,0.526
Malik Monk,3PA,0.531
E'Twaun Moore,3PA,0.289
Ja Morant,3PA,0.252
Juwan Morgan,3PA,0.433
Marcus Morris,3PA,0.507
Markieff Morris,3PA,0.553
Monte Morris,3PA,0.346
Mychal Mulder,3PA,0.808
Dejounte Murray,3PA,0.204
Jamal Murray,3PA,0.399
Mike Muscala,3PA,0.689
Sviatoslav Mykhailiuk,3PA,0.621
Abdel Nader,3PA,0.371
Larry Nance Jr.,3PA,0.419
Aaron Nesmith,3PA,0.607
Raul Neto,3PA,0.367
Georges Niang,3PA,0.721
Zeke Nnaji,3PA,0.567
Nerlens Noel,3PA,0.013
Jaylen Nowell,3PA,0.448
Frank Ntilikina,3PA,0.608
Kendrick Nunn,3PA,0.486
James Nunnally,3PA,0.923
Jusuf Nurkić,3PA,0.09
David Nwaba,3PA,0.289
Jordan Nwora,3PA,0.459
Royce O'Neale,3PA,0.706
Semi Ojeleye,3PA,0.715
Jahlil Okafor,3PA,0.088
Chuma Okeke,3PA,0.435
Josh Okogie,3PA,0.425
Onyeka Okongwu,3PA,0.02
Isaac Okoro,3PA,0.383
KZ Okpala,3PA,0.521
Victor Oladipo,3PA,0.415
Cameron Oliver,3PA,0.394
Kelly Olynyk,3PA,0.528
Miye Oni,3PA,0.889
Cedi Osman,3PA,0.553
Daniel Oturu,3PA,0.096
Kelly Oubre Jr.,3PA,0.394
Jabari Parker,3PA,0.2
Eric Paschall,3PA,0.181
Anžejs Pasečņiks,3PA,1.0
Patrick Patterson,3PA,0.679
Justin Patton,3PA,0.486
Chris Paul,3PA,0.294
Cameron Payne,3PA,0.42
Elfrid Payton,3PA,0.158
Gary Payton II,3PA,0.308
Norvel Pelle,3PA,0.0
Reggie Perry,3PA,0.269
Theo Pinson,3PA,0.889
Mason Plumlee,3PA,0.018
Jakob Poeltl,3PA,0.0
Vincent Poirier,3PA,0.083
Aleksej Pokusevski,3PA,0.507
Jordan Poole,3PA,0.582
Jontay Porter,3PA,0.533
Kevin Porter Jr.,3PA,0.439
Michael Porter Jr.,3PA,0.468
Otto Porter,3PA,0.458
Bobby Portis,3PA,0.263
Kristaps Porziņģis,3PA,0.378
Dwight Powell,3PA,0.108
Norman Powell,3PA,0.453
Taurean Prince,3PA,0.474
Payton Pritchard,3PA,0.593
Immanuel Quickley,3PA,0.522
Jahmi'us Ramsey,3PA,0.5
Chasson Randle,3PA,0.549
Julius Randle,3PA,0.294
Cam Reddish,3PA,0.479
J.J. Redick,3PA,0.667
Paul Reed,3PA,0.077
Naz Reid,3PA,0.299
Cameron Reynolds,3PA,0.667
Nick Richards,3PA,0.111
Josh Richardson,3PA,0.432
Grant Riller,3PA,0.333
Austin Rivers,3PA,0.608
Andre Roberson,3PA,0.571
Duncan Robinson,3PA,0.855
Glenn Robinson III,3PA,0.444
Jerome Robinson,3PA,0.442
Justin Robinson,3PA,0.667
Mitchell Robinson,3PA,0.0
Isaiah Roby,3PA,0.254
Rajon Rondo,3PA,0.414
Derrick Rose,3PA,0.211
Terrence Ross,3PA,0.429
Terry Rozier,3PA,0.504
Ricky Rubio,3PA,0.43
D'Angelo Russell,3PA,0.475
Domantas Sabonis,3PA,0.179
Luka Šamanić,3PA,0.41
JaKarr Sampson,3PA,0.133
Dario Šarić,3PA,0.395
Tomáš Satoranský,3PA,0.359
Dennis Schröder,3PA,0.279
Mike Scott,3PA,0.735
Jay Scrubb,3PA,0.25
Collin Sexton,3PA,0.239
Landry Shamet,3PA,0.73
Iman Shumpert,3PA,0.75
Pascal Siakam,3PA,0.256
Chris Silva,3PA,0.063
Ben Simmons,3PA,0.017
Anfernee Simons,3PA,0.703
Deividas Sirvydis,3PA,0.7
Alen Smailagić,3PA,0.37
Marcus Smart,3PA,0.553
Dennis Smith Jr.,3PA,0.4
Ish Smith,3PA,0.165
Jalen Smith,3PA,0.34
Tony Snell,3PA,0.637
Ray Spalding,3PA,0.25
Cassius Stanley,3PA,0.302
Lamar Stevens,3PA,0.184
Isaiah Stewart,3PA,0.154
Max Strus,3PA,0.791
Edmond Sumner,3PA,0.312
Jae'Sean Tate,3PA,0.312
Jayson Tatum,3PA,0.368
Jeff Teague,3PA,0.289
Garrett Temple,3PA,0.525
Tyrell Terry,3PA,0.438
Daniel Theis,3PA,0.326
Brodric Thomas,3PA,0.546
Isaiah Thomas,3PA,0.444
Khyri Thomas,3PA,0.409
Matt Thomas,3PA,0.63
Tristan Thompson,3PA,0.009
Sindarius Thornwell,3PA,0.5
Matisse Thybulle,3PA,0.588
Killian Tillie,3PA,0.579
Xavier Tillman Sr.,3PA,0.217
Anthony Tolliver,3PA,0.824
Obi Toppin,3PA,0.407
Juan Toscano-Anderson,3PA,0.44
Axel Toupane,3PA,0.182
Karl-Anthony Towns,3PA,0.36
Gary Trent Jr.,3PA,0.546
P.J. Tucker,3PA,0.672
Rayjon Tucker,3PA,0.389
Myles Turner,3PA,0.477
Jonas Valančiūnas,3PA,0.077
Denzel Valentine,3PA,0.582
Jarred Vanderbilt,3PA,0.021
Fred VanVleet,3PA,0.547
Anderson Varejão,3PA,0.063
Devin Vassell,3PA,0.495
Gabe Vincent,3PA,0.639
Noah Vonleh,3PA,0.667
Nikola Vučević,3PA,0.315
Dean Wade,3PA,0.685
Moritz Wagner,3PA,0.397
Kemba Walker,3PA,0.522
Lonnie Walker,3PA,0.463
John Wall,3PA,0.343
Brad Wanamaker,3PA,0.284
T.J. Warren,3PA,0.137
P.J. Washington,3PA,0.423
Yuta Watanabe,3PA,0.5
Tremont Waters,3PA,0.452
Paul Watson,3PA,0.78
Quinndary Weatherspoon,3PA,0.171
Russell Westbrook,3PA,0.221
Coby White,3PA,0.503
Derrick White,3PA,0.536
Hassan Whiteside,3PA,0.004
Greg Whittington,3PA,0.667
Andrew Wiggins,3PA,0.348
Grant Williams,3PA,0.522
Kenrich Williams,3PA,0.285
Lou Williams,3PA,0.268
Patrick Williams,3PA,0.261
Robert Williams,3PA,0.008
Zion Williamson,3PA,0.033
D.J. Wilson,3PA,0.518
Dylan Windler,3PA,0.592
Justise Winslow,3PA,0.257
Cassius Winston,3PA,0.515
James Wiseman,3PA,0.103
Christian Wood,3PA,0.322
Robert Woodard,3PA,0.3
Delon Wright,3PA,0.332
Thaddeus Young,3PA,0.068
Trae Young,3PA,0.357
Cody Zeller,3PA,0.086
Ivica Zubac,3PA,0.01
